order_id,customer_id,order_date,status
1,3,2024-05-10,Delivered
2,160,2024-12-18,Delivered
3,227,2024-07-14,Delivered
4,486,2024-10-07,Delivered
5,269,2024-06-02,Delivered
6,120,2024-05-12,Cancelled
7,381,2024-08-14,Delivered
8,495,2024-07-07,Delivered
9,89,2024-09-21,Delivered
10,329,2024-05-13,Delivered
11,68,2024-07-29,Delivered
12,398,2024-02-29,Delivered
13,357,2024-12-29,Delivered
14,98,2024-12-29,Delivered
15,267,2024-07-31,Delivered
16,105,2024-08-03,Delivered
17,440,2024-08-13,Cancelled
18,323,2024-05-10,Delivered
19,123,2024-03-16,Delivered
20,476,2024-10-12,Delivered
21,29,2024-10-03,Delivered
22,137,2024-06-04,Delivered
23,195,2024-09-04,Delivered
24,409,2024-08-05,Delivered
25,226,2024-07-08,Cancelled
26,332,2024-06-11,Delivered
27,170,2024-06-28,Delivered
28,9,2024-02-03,Cancelled
29,463,2024-02-10,Returned
30,40,2024-11-02,Cancelled
31,25,2024-12-03,Delivered
32,261,2024-11-09,Delivered
33,395,2024-03-15,Delivered
34,443,2024-10-05,Delivered
35,226,2024-06-24,Delivered
36,472,2024-05-29,Delivered
37,124,2024-09-29,Cancelled
38,463,2024-11-20,Delivered
39,38,2024-04-17,Cancelled
40,328,2024-05-18,Delivered
41,251,2024-12-15,Delivered
42,389,2024-09-27,Delivered
43,176,2024-12-12,Delivered
44,90,2024-10-15,Delivered
45,402,2024-07-30,Delivered
46,454,2024-09-28,Returned
47,37,2024-03-06,Delivered
48,316,2024-09-04,Delivered
49,176,2024-06-04,Delivered
50,461,2024-02-16,Delivered
51,284,2024-07-19,Delivered
52,453,2024-05-27,Delivered
53,461,2024-05-03,Delivered
54,81,2024-01-01,Delivered
55,114,2024-09-03,Delivered
56,40,2024-12-08,Delivered
57,301,2024-05-07,Delivered
58,224,2024-07-09,Delivered
59,318,2024-03-07,Delivered
60,349,2024-01-04,Delivered
61,115,2024-10-29,Delivered
62,186,2024-10-20,Cancelled
63,323,2024-05-22,Delivered
64,56,2024-07-09,Returned
65,40,2024-01-21,Returned
66,354,2024-08-14,Delivered
67,40,2024-11-08,Delivered
68,347,2024-04-26,Delivered
69,461,2024-10-28,Delivered
70,237,2024-05-21,Delivered
71,289,2024-02-08,Delivered
72,262,2024-12-20,Delivered
73,216,2024-09-08,Cancelled
74,147,2024-11-28,Delivered
75,336,2024-07-25,Delivered
76,168,2024-07-28,Delivered
77,92,2024-04-24,Delivered
78,353,2024-08-12,Delivered
79,59,2024-05-13,Cancelled
80,59,2024-09-07,Delivered
81,304,2024-08-06,Delivered
82,169,2024-03-31,Delivered
83,269,2024-12-19,Cancelled
84,363,2024-02-15,Delivered
85,45,2024-02-07,Delivered
86,345,2024-05-21,Delivered
87,181,2024-04-09,Delivered
88,170,2024-11-23,Delivered
89,356,2024-07-08,Delivered
90,191,2024-02-04,Delivered
91,155,2024-05-26,Delivered
92,422,2024-01-30,Returned
93,188,2024-11-29,Delivered
94,7,2024-03-24,Delivered
95,133,2024-10-07,Delivered
96,235,2024-12-09,Delivered
97,45,2024-09-26,Returned
98,314,2024-06-02,Delivered
99,249,2024-04-11,Delivered
100,499,2024-08-02,Delivered
101,31,2024-05-29,Delivered
102,23,2024-03-23,Delivered
103,426,2024-04-19,Delivered
104,394,2024-10-01,Delivered
105,160,2024-07-19,Returned
106,363,2024-10-10,Delivered
107,437,2024-06-21,Delivered
108,158,2024-11-22,Cancelled
109,39,2024-07-24,Delivered
110,415,2024-03-03,Delivered
111,82,2024-03-13,Delivered
112,356,2024-09-07,Delivered
113,258,2024-05-03,Delivered
114,206,2024-04-30,Delivered
115,77,2024-10-01,Returned
116,477,2024-04-29,Delivered
117,12,2024-11-12,Delivered
118,295,2024-06-12,Delivered
119,450,2024-10-12,Delivered
120,224,2024-09-21,Delivered
121,13,2024-11-15,Delivered
122,46,2024-06-09,Cancelled
123,155,2024-11-03,Delivered
124,113,2024-03-29,Delivered
125,233,2024-05-21,Delivered
126,17,2024-07-21,Delivered
127,360,2024-11-04,Delivered
128,223,2024-08-14,Delivered
129,354,2024-11-29,Delivered
130,188,2024-08-09,Delivered
131,448,2024-02-10,Delivered
132,344,2024-07-14,Delivered
133,365,2024-03-08,Delivered
134,163,2024-09-20,Cancelled
135,496,2024-01-02,Delivered
136,326,2024-12-26,Delivered
137,467,2024-05-04,Delivered
138,414,2024-04-19,Delivered
139,455,2024-03-26,Delivered
140,74,2024-04-29,Delivered
141,233,2024-05-06,Delivered
142,224,2024-09-11,Returned
143,482,2024-07-01,Delivered
144,319,2024-01-16,Delivered
145,412,2024-03-02,Delivered
146,60,2024-06-06,Cancelled
147,335,2024-09-24,Delivered
148,222,2024-02-04,Delivered
149,37,2024-09-23,Delivered
150,477,2024-03-04,Delivered
151,278,2024-02-19,Delivered
152,196,2024-09-11,Returned
153,404,2024-05-28,Delivered
154,352,2024-11-20,Returned
155,484,2024-10-30,Delivered
156,242,2024-10-02,Delivered
157,324,2024-12-22,Delivered
158,219,2024-06-20,Delivered
159,192,2024-07-19,Cancelled
160,17,2024-11-19,Returned
161,12,2024-02-04,Cancelled
162,406,2024-08-03,Delivered
163,401,2024-03-05,Delivered
164,394,2024-01-08,Delivered
165,374,2024-10-27,Returned
166,193,2024-12-08,Delivered
167,22,2024-11-27,Delivered
168,474,2024-03-16,Delivered
169,120,2024-06-22,Delivered
170,210,2024-02-16,Returned
171,306,2024-01-15,Delivered
172,270,2024-12-26,Delivered
173,192,2024-05-26,Delivered
174,175,2024-01-26,Delivered
175,285,2024-11-03,Delivered
176,204,2024-04-02,Delivered
177,164,2024-08-19,Cancelled
178,251,2024-01-21,Returned
179,227,2024-11-02,Delivered
180,436,2024-02-07,Delivered
181,381,2024-10-02,Returned
182,460,2024-06-05,Delivered
183,7,2024-06-27,Delivered
184,29,2024-05-11,Delivered
185,395,2024-11-06,Delivered
186,33,2024-12-13,Delivered
187,134,2024-01-28,Returned
188,367,2024-09-16,Delivered
189,79,2024-03-16,Delivered
190,416,2024-03-07,Delivered
191,435,2024-12-07,Delivered
192,459,2024-07-12,Delivered
193,58,2024-06-10,Delivered
194,471,2024-12-12,Delivered
195,26,2024-12-26,Delivered
196,482,2024-09-13,Returned
197,430,2024-03-12,Cancelled
198,226,2024-03-27,Delivered
199,285,2024-09-18,Delivered
200,4,2024-08-01,Delivered
201,465,2024-06-01,Delivered
202,99,2024-07-28,Delivered
203,397,2024-03-01,Delivered
204,489,2024-09-24,Delivered
205,39,2024-09-18,Cancelled
206,271,2024-08-05,Cancelled
207,375,2024-10-09,Returned
208,285,2024-05-15,Delivered
209,157,2024-12-27,Delivered
210,75,2024-04-02,Delivered
211,372,2024-04-18,Delivered
212,288,2024-08-28,Delivered
213,130,2024-12-20,Delivered
214,175,2024-05-21,Delivered
215,462,2024-10-17,Cancelled
216,84,2024-08-24,Delivered
217,22,2024-12-05,Delivered
218,459,2024-11-07,Delivered
219,27,2024-06-25,Delivered
220,195,2024-05-20,Delivered
221,337,2024-07-07,Delivered
222,382,2024-02-18,Delivered
223,236,2024-10-28,Delivered
224,440,2024-07-08,Delivered
225,92,2024-05-15,Delivered
226,477,2024-02-12,Delivered
227,21,2024-12-18,Returned
228,303,2024-03-30,Delivered
229,464,2024-10-21,Delivered
230,357,2024-12-06,Delivered
231,443,2024-09-01,Returned
232,84,2024-07-10,Cancelled
233,262,2024-11-13,Delivered
234,147,2024-04-15,Delivered
235,441,2024-12-28,Cancelled
236,453,2024-11-05,Delivered
237,387,2024-08-20,Delivered
238,257,2024-09-21,Delivered
239,58,2024-12-09,Cancelled
240,380,2024-02-06,Cancelled
241,422,2024-10-31,Delivered
242,15,2024-02-10,Delivered
243,162,2024-01-17,Delivered
244,445,2024-12-09,Delivered
245,163,2024-10-03,Returned
246,320,2024-11-02,Delivered
247,497,2024-02-28,Delivered
248,281,2024-07-01,Delivered
249,280,2024-02-10,Delivered
250,12,2024-02-08,Delivered
251,274,2024-07-10,Delivered
252,271,2024-09-23,Delivered
253,492,2024-05-26,Delivered
254,208,2024-11-28,Delivered
255,27,2024-05-06,Delivered
256,72,2024-02-15,Delivered
257,60,2024-02-14,Returned
258,430,2024-01-01,Cancelled
259,473,2024-06-16,Returned
260,145,2024-04-17,Delivered
261,93,2024-01-19,Returned
262,309,2024-11-27,Delivered
263,8,2024-03-12,Delivered
264,79,2024-04-18,Delivered
265,27,2024-09-24,Delivered
266,174,2024-08-27,Delivered
267,50,2024-10-27,Delivered
268,500,2024-03-30,Delivered
269,199,2024-04-12,Delivered
270,387,2024-09-06,Delivered
271,349,2024-01-08,Delivered
272,448,2024-06-01,Delivered
273,428,2024-12-12,Cancelled
274,181,2024-06-22,Cancelled
275,24,2024-12-08,Delivered
276,316,2024-06-06,Delivered
277,378,2024-08-02,Delivered
278,387,2024-06-25,Cancelled
279,404,2024-06-23,Delivered
280,46,2024-12-05,Delivered
281,15,2024-12-03,Delivered
282,153,2024-05-25,Delivered
283,222,2024-11-19,Delivered
284,206,2024-06-09,Cancelled
285,455,2024-05-06,Delivered
286,273,2024-03-22,Delivered
287,382,2024-05-26,Cancelled
288,236,2024-08-26,Cancelled
289,340,2024-03-24,Delivered
290,228,2024-04-22,Delivered
291,9,2024-08-12,Delivered
292,166,2024-11-27,Returned
293,432,2024-08-30,Delivered
294,444,2024-05-22,Returned
295,319,2024-02-10,Delivered
296,214,2024-09-14,Delivered
297,117,2024-10-11,Delivered
298,386,2024-04-14,Delivered
299,344,2024-07-20,Delivered
300,72,2024-11-02,Delivered
301,395,2024-11-26,Delivered
302,64,2024-09-22,Returned
303,205,2024-07-28,Delivered
304,209,2024-02-20,Delivered
305,72,2024-04-27,Delivered
306,277,2024-07-19,Delivered
307,274,2024-02-08,Delivered
308,478,2024-01-28,Delivered
309,320,2024-09-15,Returned
310,338,2024-03-24,Delivered
311,366,2024-06-03,Delivered
312,495,2024-04-26,Delivered
313,95,2024-01-02,Delivered
314,166,2024-04-02,Delivered
315,32,2024-06-14,Cancelled
316,11,2024-12-15,Cancelled
317,301,2024-10-22,Delivered
318,217,2024-09-14,Delivered
319,289,2024-03-21,Delivered
320,102,2024-09-24,Delivered
321,425,2024-08-22,Delivered
322,392,2024-11-16,Delivered
323,267,2024-11-06,Delivered
324,214,2024-10-27,Delivered
325,179,2024-12-22,Delivered
326,88,2024-07-31,Delivered
327,41,2024-03-02,Delivered
328,401,2024-02-18,Delivered
329,76,2024-05-06,Cancelled
330,377,2024-08-10,Delivered
331,46,2024-10-05,Delivered
332,160,2024-10-20,Delivered
333,463,2024-10-10,Cancelled
334,80,2024-10-03,Delivered
335,310,2024-04-16,Delivered
336,86,2024-05-25,Delivered
337,92,2024-04-08,Delivered
338,148,2024-03-13,Returned
339,161,2024-05-01,Delivered
340,202,2024-01-30,Cancelled
341,424,2024-07-06,Returned
342,416,2024-12-29,Returned
343,242,2024-12-19,Delivered
344,353,2024-10-14,Delivered
345,2,2024-07-13,Delivered
346,225,2024-06-04,Delivered
347,289,2024-06-20,Delivered
348,233,2024-11-30,Delivered
349,461,2024-02-10,Delivered
350,414,2024-03-03,Delivered
351,417,2024-01-23,Cancelled
352,77,2024-12-25,Delivered
353,116,2024-03-15,Cancelled
354,154,2024-02-17,Delivered
355,406,2024-06-08,Cancelled
356,103,2024-11-08,Delivered
357,194,2024-04-27,Delivered
358,166,2024-04-09,Returned
359,359,2024-06-15,Delivered
360,90,2024-10-16,Cancelled
361,174,2024-06-04,Delivered
362,122,2024-01-07,Delivered
363,498,2024-07-14,Delivered
364,143,2024-02-25,Delivered
365,482,2024-11-16,Delivered
366,106,2024-07-11,Delivered
367,375,2024-02-16,Delivered
368,428,2024-05-27,Delivered
369,305,2024-10-01,Returned
370,360,2024-06-05,Returned
371,459,2024-07-20,Delivered
372,317,2024-05-05,Delivered
373,451,2024-10-31,Delivered
374,123,2024-10-20,Delivered
375,390,2024-03-04,Cancelled
376,9,2024-11-20,Returned
377,262,2024-06-24,Delivered
378,73,2024-04-25,Delivered
379,359,2024-07-22,Delivered
380,223,2024-11-16,Returned
381,416,2024-01-31,Delivered
382,41,2024-04-22,Delivered
383,370,2024-12-30,Delivered
384,204,2024-11-20,Delivered
385,264,2024-12-09,Delivered
386,328,2024-03-07,Returned
387,178,2024-03-15,Delivered
388,348,2024-02-14,Delivered
389,318,2024-09-16,Delivered
390,84,2024-06-02,Delivered
391,318,2024-06-03,Delivered
392,111,2024-12-28,Delivered
393,251,2024-08-21,Delivered
394,383,2024-02-20,Delivered
395,7,2024-11-01,Delivered
396,459,2024-09-18,Delivered
397,84,2024-11-10,Cancelled
398,208,2024-05-04,Delivered
399,388,2024-09-01,Delivered
400,390,2024-01-30,Delivered
401,314,2024-05-01,Delivered
402,22,2024-05-04,Delivered
403,410,2024-02-06,Delivered
404,383,2024-06-18,Delivered
405,3,2024-05-03,Delivered
406,127,2024-12-22,Delivered
407,297,2024-02-04,Cancelled
408,188,2024-03-27,Returned
409,362,2024-05-13,Delivered
410,14,2024-07-14,Delivered
411,459,2024-09-30,Cancelled
412,466,2024-07-19,Returned
413,12,2024-10-11,Delivered
414,87,2024-03-17,Delivered
415,12,2024-02-28,Delivered
416,397,2024-05-05,Delivered
417,25,2024-04-18,Delivered
418,301,2024-08-11,Delivered
419,243,2024-10-04,Delivered
420,122,2024-03-08,Delivered
421,147,2024-03-09,Delivered
422,55,2024-06-13,Delivered
423,238,2024-10-31,Delivered
424,356,2024-06-10,Delivered
425,173,2024-12-30,Delivered
426,392,2024-12-07,Returned
427,221,2024-11-04,Delivered
428,119,2024-12-08,Delivered
429,309,2024-02-11,Delivered
430,183,2024-12-19,Delivered
431,288,2024-04-18,Returned
432,307,2024-02-20,Delivered
433,300,2024-09-06,Delivered
434,82,2024-12-06,Delivered
435,454,2024-01-21,Delivered
436,402,2024-10-26,Cancelled
437,211,2024-05-18,Cancelled
438,150,2024-12-24,Delivered
439,37,2024-11-19,Delivered
440,352,2024-04-01,Cancelled
441,312,2024-10-06,Returned
442,361,2024-05-04,Delivered
443,59,2024-04-20,Delivered
444,131,2024-12-19,Delivered
445,412,2024-05-18,Cancelled
446,202,2024-09-29,Delivered
447,243,2024-04-08,Delivered
448,35,2024-09-08,Delivered
449,445,2024-12-03,Delivered
450,93,2024-04-13,Delivered
451,438,2024-08-01,Delivered
452,447,2024-09-05,Delivered
453,207,2024-05-31,Delivered
454,353,2024-09-06,Delivered
455,391,2024-10-01,Delivered
456,332,2024-06-13,Delivered
457,305,2024-12-06,Cancelled
458,350,2024-01-08,Delivered
459,213,2024-10-10,Delivered
460,159,2024-01-05,Delivered
461,442,2024-05-24,Delivered
462,445,2024-04-10,Delivered
463,24,2024-06-12,Delivered
464,404,2024-05-26,Delivered
465,293,2024-03-04,Delivered
466,4,2024-03-31,Delivered
467,220,2024-04-26,Delivered
468,364,2024-12-19,Delivered
469,382,2024-09-23,Delivered
470,20,2024-11-05,Delivered
471,444,2024-06-21,Delivered
472,152,2024-02-16,Cancelled
473,50,2024-05-19,Cancelled
474,177,2024-09-02,Delivered
475,435,2024-05-28,Delivered
476,96,2024-09-02,Delivered
477,105,2024-01-05,Delivered
478,420,2024-07-02,Delivered
479,250,2024-01-20,Cancelled
480,117,2024-02-15,Delivered
481,354,2024-01-12,Cancelled
482,228,2024-03-10,Delivered
483,66,2024-01-17,Delivered
484,335,2024-05-26,Delivered
485,418,2024-06-02,Delivered
486,420,2024-10-30,Delivered
487,262,2024-04-17,Delivered
488,295,2024-08-23,Delivered
489,426,2024-11-03,Returned
490,243,2024-12-17,Delivered
491,371,2024-03-10,Returned
492,186,2024-07-01,Returned
493,246,2024-09-06,Delivered
494,125,2024-08-15,Delivered
495,268,2024-04-11,Delivered
496,131,2024-03-15,Cancelled
497,237,2024-08-03,Delivered
498,18,2024-07-21,Delivered
499,40,2024-07-10,Delivered
500,21,2024-09-05,Delivered
501,399,2024-08-29,Delivered
502,225,2024-06-27,Delivered
503,355,2024-08-06,Delivered
504,282,2024-03-22,Cancelled
505,8,2024-04-01,Delivered
506,100,2024-06-23,Returned
507,240,2024-08-26,Delivered
508,478,2024-09-16,Cancelled
509,87,2024-12-30,Delivered
510,298,2024-06-11,Delivered
511,428,2024-02-17,Delivered
512,14,2024-11-24,Cancelled
513,334,2024-11-23,Delivered
514,2,2024-04-25,Cancelled
515,375,2024-12-02,Returned
516,293,2024-12-02,Delivered
517,325,2024-08-12,Delivered
518,422,2024-12-17,Delivered
519,493,2024-11-23,Delivered
520,41,2024-05-26,Cancelled
521,318,2024-03-03,Delivered
522,316,2024-10-20,Delivered
523,381,2024-11-18,Returned
524,111,2024-11-20,Delivered
525,14,2024-01-13,Cancelled
526,231,2024-07-07,Delivered
527,473,2024-10-13,Delivered
528,84,2024-07-26,Delivered
529,130,2024-04-23,Delivered
530,231,2024-01-22,Delivered
531,326,2024-12-14,Delivered
532,145,2024-08-01,Delivered
533,379,2024-06-19,Delivered
534,345,2024-11-18,Delivered
535,28,2024-02-23,Delivered
536,66,2024-10-24,Delivered
537,163,2024-11-15,Delivered
538,229,2024-05-05,Delivered
539,261,2024-10-03,Delivered
540,449,2024-07-22,Delivered
541,424,2024-07-12,Delivered
542,460,2024-06-17,Delivered
543,440,2024-05-31,Delivered
544,164,2024-02-04,Cancelled
545,301,2024-07-02,Delivered
546,407,2024-10-12,Delivered
547,303,2024-02-26,Delivered
548,287,2024-08-09,Delivered
549,395,2024-10-29,Returned
550,10,2024-06-11,Delivered
551,195,2024-01-19,Delivered
552,118,2024-09-20,Delivered
553,270,2024-10-08,Delivered
554,80,2024-04-22,Delivered
555,458,2024-11-22,Delivered
556,93,2024-01-30,Delivered
557,266,2024-05-14,Delivered
558,332,2024-03-07,Delivered
559,350,2024-03-05,Delivered
560,361,2024-10-18,Delivered
561,257,2024-01-25,Delivered
562,133,2024-02-06,Returned
563,276,2024-01-01,Delivered
564,264,2024-02-06,Cancelled
565,171,2024-05-20,Delivered
566,460,2024-08-19,Delivered
567,1,2024-05-15,Delivered
568,313,2024-07-06,Delivered
569,64,2024-05-07,Delivered
570,374,2024-07-19,Delivered
571,468,2024-05-06,Delivered
572,284,2024-09-13,Returned
573,121,2024-06-12,Delivered
574,107,2024-02-04,Delivered
575,421,2024-07-12,Delivered
576,175,2024-07-09,Delivered
577,485,2024-04-13,Delivered
578,204,2024-01-23,Delivered
579,165,2024-09-21,Returned
580,305,2024-10-16,Delivered
581,497,2024-09-16,Delivered
582,120,2024-12-23,Delivered
583,44,2024-03-15,Returned
584,312,2024-12-20,Delivered
585,156,2024-03-12,Delivered
586,367,2024-09-15,Delivered
587,207,2024-07-06,Delivered
588,390,2024-06-21,Delivered
589,108,2024-10-16,Delivered
590,251,2024-02-14,Delivered
591,445,2024-03-01,Delivered
592,404,2024-03-23,Delivered
593,370,2024-05-02,Delivered
594,334,2024-12-23,Delivered
595,130,2024-01-16,Delivered
596,457,2024-03-06,Delivered
597,293,2024-05-24,Delivered
598,20,2024-06-10,Delivered
599,282,2024-08-21,Cancelled
600,285,2024-05-23,Returned
601,1,2024-12-23,Delivered
602,119,2024-07-06,Delivered
603,35,2024-11-17,Delivered
604,198,2024-01-13,Delivered
605,485,2024-07-02,Delivered
606,245,2024-04-20,Delivered
607,59,2024-10-16,Delivered
608,325,2024-10-21,Delivered
609,161,2024-08-02,Delivered
610,497,2024-04-29,Delivered
611,179,2024-02-24,Delivered
612,206,2024-01-27,Delivered
613,12,2024-04-27,Cancelled
614,490,2024-08-08,Returned
615,276,2024-08-18,Delivered
616,181,2024-02-22,Delivered
617,242,2024-10-21,Delivered
618,216,2024-11-16,Delivered
619,251,2024-08-20,Delivered
620,299,2024-06-06,Delivered
621,126,2024-09-25,Delivered
622,482,2024-01-21,Delivered
623,217,2024-02-22,Delivered
624,306,2024-10-01,Delivered
625,285,2024-11-08,Delivered
626,185,2024-10-07,Delivered
627,39,2024-08-01,Returned
628,223,2024-01-31,Delivered
629,184,2024-12-02,Delivered
630,495,2024-07-01,Cancelled
631,427,2024-01-23,Returned
632,178,2024-02-01,Delivered
633,407,2024-03-14,Cancelled
634,428,2024-01-10,Delivered
635,294,2024-02-23,Delivered
636,340,2024-02-21,Delivered
637,151,2024-05-27,Delivered
638,384,2024-06-08,Delivered
639,126,2024-01-14,Delivered
640,301,2024-06-26,Delivered
641,308,2024-02-22,Delivered
642,336,2024-11-30,Delivered
643,434,2024-01-22,Delivered
644,234,2024-01-30,Delivered
645,380,2024-07-09,Delivered
646,375,2024-09-16,Delivered
647,8,2024-07-23,Cancelled
648,498,2024-02-28,Delivered
649,341,2024-09-20,Delivered
650,129,2024-01-12,Delivered
651,264,2024-04-28,Delivered
652,157,2024-10-16,Delivered
653,352,2024-12-03,Delivered
654,358,2024-09-04,Delivered
655,5,2024-12-19,Delivered
656,495,2024-05-06,Cancelled
657,86,2024-03-15,Delivered
658,175,2024-12-26,Delivered
659,290,2024-07-22,Returned
660,193,2024-02-18,Delivered
661,311,2024-03-19,Delivered
662,119,2024-08-28,Delivered
663,218,2024-12-14,Delivered
664,427,2024-06-02,Delivered
665,458,2024-09-30,Delivered
666,414,2024-04-05,Delivered
667,114,2024-08-01,Delivered
668,466,2024-10-20,Delivered
669,145,2024-07-27,Delivered
670,26,2024-12-08,Delivered
671,136,2024-03-28,Cancelled
672,303,2024-11-01,Delivered
673,232,2024-09-20,Delivered
674,369,2024-11-20,Delivered
675,76,2024-11-15,Delivered
676,475,2024-06-05,Delivered
677,328,2024-06-04,Delivered
678,345,2024-05-18,Cancelled
679,302,2024-04-30,Cancelled
680,452,2024-03-05,Delivered
681,289,2024-04-16,Delivered
682,1,2024-05-26,Delivered
683,147,2024-05-16,Delivered
684,287,2024-06-10,Delivered
685,464,2024-04-09,Delivered
686,142,2024-12-03,Delivered
687,53,2024-11-02,Delivered
688,304,2024-05-20,Delivered
689,69,2024-03-23,Returned
690,361,2024-06-25,Delivered
691,90,2024-07-16,Delivered
692,446,2024-04-21,Delivered
693,220,2024-02-25,Delivered
694,450,2024-06-27,Delivered
695,498,2024-07-04,Delivered
696,192,2024-08-05,Delivered
697,454,2024-11-11,Delivered
698,63,2024-08-04,Delivered
699,73,2024-04-29,Delivered
700,161,2024-06-23,Delivered
701,169,2024-01-23,Returned
702,89,2024-07-31,Delivered
703,176,2024-08-22,Delivered
704,269,2024-01-13,Delivered
705,73,2024-04-10,Returned
706,245,2024-01-24,Delivered
707,77,2024-12-29,Delivered
708,159,2024-01-11,Delivered
709,489,2024-09-29,Delivered
710,459,2024-10-07,Delivered
711,324,2024-04-03,Delivered
712,98,2024-07-19,Returned
713,381,2024-01-21,Delivered
714,102,2024-12-05,Delivered
715,494,2024-07-29,Delivered
716,132,2024-05-19,Delivered
717,102,2024-10-19,Cancelled
718,19,2024-10-24,Delivered
719,454,2024-04-10,Delivered
720,482,2024-10-30,Delivered
721,82,2024-12-24,Delivered
722,397,2024-01-28,Delivered
723,489,2024-02-10,Delivered
724,279,2024-12-20,Cancelled
725,339,2024-10-29,Returned
726,365,2024-05-25,Delivered
727,331,2024-09-12,Returned
728,129,2024-08-14,Delivered
729,344,2024-08-23,Delivered
730,310,2024-12-26,Delivered
731,455,2024-01-13,Delivered
732,89,2024-07-28,Delivered
733,213,2024-08-16,Delivered
734,143,2024-04-09,Delivered
735,65,2024-01-31,Delivered
736,76,2024-01-16,Delivered
737,199,2024-05-16,Delivered
738,143,2024-11-24,Delivered
739,405,2024-06-14,Delivered
740,403,2024-11-05,Delivered
741,316,2024-04-09,Delivered
742,93,2024-04-18,Cancelled
743,473,2024-12-08,Delivered
744,417,2024-06-21,Delivered
745,305,2024-08-24,Cancelled
746,224,2024-06-10,Delivered
747,497,2024-08-03,Delivered
748,291,2024-09-20,Delivered
749,428,2024-09-19,Returned
750,102,2024-10-18,Delivered
751,474,2024-09-30,Delivered
752,267,2024-01-03,Delivered
753,355,2024-01-28,Delivered
754,456,2024-11-21,Delivered
755,110,2024-05-28,Delivered
756,462,2024-01-28,Delivered
757,330,2024-11-05,Returned
758,450,2024-03-05,Delivered
759,430,2024-12-21,Delivered
760,265,2024-01-21,Cancelled
761,3,2024-09-08,Delivered
762,85,2024-08-22,Delivered
763,282,2024-08-14,Delivered
764,328,2024-01-13,Cancelled
765,304,2024-11-08,Delivered
766,450,2024-02-18,Delivered
767,454,2024-04-27,Returned
768,412,2024-02-23,Delivered
769,117,2024-05-17,Cancelled
770,221,2024-02-22,Returned
771,154,2024-02-13,Delivered
772,153,2024-10-29,Delivered
773,12,2024-02-22,Delivered
774,133,2024-03-14,Delivered
775,482,2024-02-15,Delivered
776,304,2024-01-13,Delivered
777,293,2024-06-13,Returned
778,463,2024-04-11,Delivered
779,300,2024-10-06,Delivered
780,228,2024-09-14,Cancelled
781,271,2024-12-02,Returned
782,43,2024-12-21,Delivered
783,432,2024-05-17,Returned
784,343,2024-06-11,Delivered
785,326,2024-04-20,Cancelled
786,302,2024-04-11,Delivered
787,498,2024-01-17,Delivered
788,364,2024-09-24,Delivered
789,379,2024-06-30,Delivered
790,427,2024-01-24,Delivered
791,493,2024-01-29,Delivered
792,21,2024-06-19,Delivered
793,407,2024-08-15,Returned
794,107,2024-07-06,Delivered
795,336,2024-12-11,Delivered
796,303,2024-08-17,Delivered
797,117,2024-11-16,Delivered
798,124,2024-12-05,Cancelled
799,399,2024-04-28,Cancelled
800,281,2024-06-04,Delivered
801,292,2024-09-28,Delivered
802,203,2024-06-23,Delivered
803,51,2024-04-13,Delivered
804,271,2024-04-01,Cancelled
805,324,2024-07-04,Delivered
806,277,2024-10-09,Delivered
807,141,2024-06-29,Delivered
808,470,2024-06-18,Delivered
809,275,2024-07-05,Returned
810,290,2024-06-23,Delivered
811,334,2024-08-09,Delivered
812,381,2024-08-20,Delivered
813,452,2024-06-10,Delivered
814,496,2024-05-13,Delivered
815,373,2024-08-11,Delivered
816,52,2024-06-01,Delivered
817,494,2024-02-02,Delivered
818,27,2024-02-24,Delivered
819,157,2024-01-07,Delivered
820,239,2024-08-31,Delivered
821,156,2024-11-08,Delivered
822,291,2024-05-05,Delivered
823,136,2024-01-12,Delivered
824,144,2024-01-16,Delivered
825,106,2024-07-26,Delivered
826,420,2024-02-12,Delivered
827,158,2024-05-14,Delivered
828,146,2024-08-15,Delivered
829,2,2024-04-20,Delivered
830,433,2024-11-02,Delivered
831,77,2024-06-08,Delivered
832,132,2024-11-26,Delivered
833,90,2024-09-20,Cancelled
834,345,2024-08-12,Delivered
835,350,2024-08-04,Delivered
836,459,2024-02-14,Delivered
837,263,2024-08-01,Delivered
838,351,2024-02-28,Delivered
839,108,2024-05-11,Delivered
840,74,2024-04-13,Cancelled
841,39,2024-07-13,Delivered
842,397,2024-06-05,Returned
843,159,2024-04-07,Delivered
844,71,2024-08-13,Delivered
845,447,2024-07-23,Delivered
846,312,2024-03-19,Delivered
847,241,2024-05-03,Delivered
848,426,2024-08-05,Delivered
849,445,2024-01-04,Delivered
850,298,2024-03-30,Returned
851,440,2024-04-13,Cancelled
852,36,2024-04-28,Delivered
853,84,2024-05-12,Delivered
854,452,2024-11-07,Delivered
855,374,2024-04-05,Delivered
856,263,2024-11-26,Delivered
857,310,2024-05-22,Delivered
858,385,2024-10-14,Delivered
859,172,2024-01-28,Delivered
860,376,2024-10-04,Returned
861,173,2024-08-20,Delivered
862,362,2024-01-17,Returned
863,47,2024-02-28,Delivered
864,379,2024-03-30,Delivered
865,141,2024-07-17,Delivered
866,375,2024-12-27,Delivered
867,406,2024-01-26,Delivered
868,118,2024-01-25,Delivered
869,277,2024-10-27,Delivered
870,214,2024-12-04,Delivered
871,220,2024-09-23,Delivered
872,393,2024-06-29,Delivered
873,26,2024-12-25,Delivered
874,9,2024-03-08,Delivered
875,271,2024-12-16,Delivered
876,10,2024-11-16,Delivered
877,472,2024-02-18,Returned
878,378,2024-06-23,Delivered
879,121,2024-02-21,Delivered
880,125,2024-04-11,Delivered
881,170,2024-08-03,Delivered
882,72,2024-07-06,Delivered
883,152,2024-02-26,Delivered
884,208,2024-02-16,Delivered
885,49,2024-06-07,Delivered
886,154,2024-06-22,Delivered
887,347,2024-08-29,Delivered
888,293,2024-10-08,Delivered
889,68,2024-08-28,Returned
890,50,2024-01-05,Delivered
891,152,2024-03-24,Delivered
892,19,2024-11-03,Delivered
893,100,2024-12-26,Delivered
894,60,2024-09-04,Returned
895,167,2024-02-23,Delivered
896,202,2024-06-09,Cancelled
897,345,2024-08-13,Cancelled
898,146,2024-01-15,Delivered
899,403,2024-08-11,Delivered
900,164,2024-03-01,Delivered
901,458,2024-05-01,Returned
902,481,2024-10-03,Delivered
903,439,2024-02-15,Delivered
904,242,2024-10-20,Delivered
905,69,2024-03-02,Delivered
906,175,2024-03-26,Delivered
907,49,2024-07-28,Delivered
908,483,2024-03-18,Cancelled
909,108,2024-07-20,Cancelled
910,226,2024-10-28,Cancelled
911,161,2024-08-10,Delivered
912,119,2024-08-09,Delivered
913,149,2024-01-03,Delivered
914,465,2024-01-06,Delivered
915,150,2024-04-02,Delivered
916,432,2024-01-08,Delivered
917,293,2024-08-22,Delivered
918,143,2024-04-17,Returned
919,419,2024-06-09,Delivered
920,476,2024-07-27,Delivered
921,455,2024-08-27,Delivered
922,160,2024-11-26,Delivered
923,11,2024-11-28,Delivered
924,138,2024-02-19,Returned
925,457,2024-01-11,Cancelled
926,78,2024-12-16,Returned
927,77,2024-06-04,Returned
928,441,2024-03-10,Delivered
929,254,2024-06-17,Delivered
930,409,2024-09-28,Delivered
931,258,2024-03-08,Delivered
932,320,2024-12-20,Delivered
933,291,2024-09-08,Delivered
934,263,2024-02-17,Delivered
935,85,2024-07-02,Delivered
936,146,2024-11-15,Delivered
937,323,2024-07-05,Delivered
938,42,2024-03-30,Delivered
939,374,2024-11-27,Delivered
940,125,2024-05-18,Delivered
941,167,2024-12-22,Delivered
942,425,2024-03-29,Delivered
943,241,2024-09-30,Delivered
944,459,2024-01-19,Delivered
945,487,2024-11-06,Delivered
946,280,2024-12-23,Delivered
947,188,2024-06-02,Delivered
948,302,2024-09-16,Delivered
949,19,2024-04-17,Delivered
950,68,2024-10-11,Delivered
951,218,2024-02-28,Delivered
952,102,2024-05-04,Delivered
953,42,2024-12-19,Delivered
954,288,2024-09-29,Delivered
955,167,2024-04-16,Delivered
956,109,2024-10-25,Delivered
957,494,2024-09-01,Delivered
958,36,2024-12-01,Delivered
959,232,2024-09-03,Delivered
960,229,2024-01-08,Delivered
961,353,2024-05-20,Delivered
962,164,2024-12-27,Delivered
963,387,2024-01-08,Delivered
964,73,2024-12-17,Delivered
965,136,2024-04-03,Returned
966,353,2024-11-16,Delivered
967,379,2024-02-08,Delivered
968,70,2024-03-21,Delivered
969,425,2024-07-05,Delivered
970,487,2024-03-24,Delivered
971,196,2024-03-28,Delivered
972,269,2024-08-29,Delivered
973,49,2024-12-07,Cancelled
974,316,2024-04-02,Delivered
975,130,2024-03-26,Delivered
976,444,2024-02-13,Cancelled
977,5,2024-05-16,Delivered
978,428,2024-03-14,Cancelled
979,27,2024-02-05,Delivered
980,160,2024-04-10,Cancelled
981,149,2024-06-04,Delivered
982,264,2024-09-11,Delivered
983,230,2024-06-19,Returned
984,200,2024-08-03,Delivered
985,50,2024-06-18,Delivered
986,67,2024-09-08,Delivered
987,300,2024-12-25,Delivered
988,381,2024-11-17,Delivered
989,58,2024-02-24,Delivered
990,259,2024-03-31,Delivered
991,342,2024-10-04,Delivered
992,326,2024-04-10,Delivered
993,130,2024-06-03,Delivered
994,215,2024-12-14,Delivered
995,172,2024-12-29,Delivered
996,258,2024-05-20,Delivered
997,102,2024-06-21,Delivered
998,209,2024-01-10,Delivered
999,291,2024-08-15,Delivered
1000,354,2024-09-21,Delivered
1001,471,2024-09-04,Cancelled
1002,286,2024-09-03,Delivered
1003,116,2024-06-03,Delivered
1004,264,2024-02-03,Delivered
1005,150,2024-05-08,Delivered
1006,300,2024-06-08,Returned
1007,442,2024-03-29,Delivered
1008,36,2024-04-02,Delivered
1009,453,2024-11-22,Cancelled
1010,333,2024-08-28,Delivered
1011,477,2024-11-18,Delivered
1012,287,2024-04-26,Delivered
1013,303,2024-04-03,Delivered
1014,311,2024-06-11,Returned
1015,208,2024-04-08,Returned
1016,106,2024-04-22,Delivered
1017,446,2024-12-24,Delivered
1018,158,2024-03-31,Cancelled
1019,121,2024-12-11,Delivered
1020,55,2024-07-24,Delivered
1021,400,2024-01-17,Cancelled
1022,12,2024-09-30,Delivered
1023,145,2024-06-21,Delivered
1024,400,2024-04-25,Delivered
1025,396,2024-12-14,Cancelled
1026,136,2024-06-29,Delivered
1027,468,2024-03-31,Delivered
1028,3,2024-03-22,Delivered
1029,144,2024-11-19,Delivered
1030,30,2024-04-23,Delivered
1031,237,2024-09-13,Delivered
1032,279,2024-02-27,Delivered
1033,348,2024-06-02,Delivered
1034,115,2024-12-30,Returned
1035,104,2024-04-25,Delivered
1036,118,2024-12-08,Returned
1037,5,2024-09-22,Delivered
1038,468,2024-11-10,Delivered
1039,360,2024-07-21,Delivered
1040,248,2024-02-10,Delivered
1041,364,2024-04-14,Returned
1042,321,2024-07-11,Delivered
1043,121,2024-10-04,Delivered
1044,286,2024-12-19,Delivered
1045,149,2024-08-24,Delivered
1046,84,2024-08-08,Delivered
1047,454,2024-03-08,Delivered
1048,406,2024-07-15,Delivered
1049,466,2024-09-12,Delivered
1050,456,2024-05-18,Delivered
1051,231,2024-11-07,Delivered
1052,288,2024-05-28,Delivered
1053,161,2024-04-08,Delivered
1054,272,2024-03-16,Delivered
1055,460,2024-10-08,Delivered
1056,38,2024-04-18,Delivered
1057,500,2024-07-06,Delivered
1058,226,2024-07-17,Returned
1059,142,2024-10-29,Delivered
1060,292,2024-11-22,Delivered
1061,481,2024-06-02,Cancelled
1062,151,2024-02-09,Cancelled
1063,114,2024-05-12,Delivered
1064,237,2024-05-11,Returned
1065,66,2024-10-05,Delivered
1066,361,2024-12-27,Delivered
1067,341,2024-03-24,Delivered
1068,258,2024-08-29,Delivered
1069,475,2024-04-25,Delivered
1070,249,2024-04-18,Delivered
1071,457,2024-08-08,Delivered
1072,449,2024-02-10,Cancelled
1073,331,2024-05-26,Cancelled
1074,323,2024-04-21,Delivered
1075,180,2024-04-12,Cancelled
1076,190,2024-02-15,Cancelled
1077,407,2024-11-19,Delivered
1078,154,2024-09-27,Delivered
1079,196,2024-07-13,Delivered
1080,466,2024-10-06,Returned
1081,311,2024-10-09,Delivered
1082,262,2024-02-09,Delivered
1083,419,2024-07-07,Delivered
1084,406,2024-06-12,Delivered
1085,427,2024-01-24,Delivered
1086,143,2024-01-24,Delivered
1087,342,2024-01-04,Delivered
1088,316,2024-11-18,Cancelled
1089,101,2024-10-16,Cancelled
1090,244,2024-06-29,Delivered
1091,490,2024-09-04,Returned
1092,12,2024-04-25,Delivered
1093,239,2024-10-05,Delivered
1094,49,2024-12-30,Delivered
1095,42,2024-03-09,Cancelled
1096,166,2024-12-16,Returned
1097,82,2024-09-10,Delivered
1098,429,2024-06-29,Cancelled
1099,291,2024-11-13,Delivered
1100,158,2024-06-17,Delivered
1101,216,2024-11-08,Delivered
1102,490,2024-09-05,Delivered
1103,158,2024-07-06,Delivered
1104,462,2024-02-23,Cancelled
1105,134,2024-11-21,Delivered
1106,67,2024-12-22,Delivered
1107,336,2024-11-08,Delivered
1108,7,2024-05-17,Delivered
1109,436,2024-06-16,Cancelled
1110,14,2024-04-12,Delivered
1111,73,2024-03-25,Delivered
1112,399,2024-11-12,Cancelled
1113,405,2024-07-30,Delivered
1114,163,2024-01-03,Delivered
1115,66,2024-06-27,Delivered
1116,347,2024-12-07,Delivered
1117,130,2024-10-29,Delivered
1118,419,2024-11-27,Delivered
1119,466,2024-02-07,Cancelled
1120,206,2024-08-26,Cancelled
1121,276,2024-06-17,Delivered
1122,466,2024-12-08,Delivered
1123,256,2024-11-09,Cancelled
1124,266,2024-11-01,Delivered
1125,25,2024-01-30,Delivered
1126,450,2024-07-08,Delivered
1127,281,2024-12-22,Cancelled
1128,253,2024-01-25,Delivered
1129,310,2024-04-21,Delivered
1130,289,2024-07-24,Delivered
1131,164,2024-07-03,Cancelled
1132,95,2024-02-16,Delivered
1133,270,2024-08-15,Returned
1134,321,2024-02-08,Delivered
1135,110,2024-01-16,Delivered
1136,336,2024-01-22,Delivered
1137,310,2024-07-31,Delivered
1138,238,2024-11-05,Returned
1139,381,2024-05-28,Delivered
1140,436,2024-08-28,Delivered
1141,387,2024-09-28,Delivered
1142,483,2024-02-28,Delivered
1143,425,2024-10-13,Delivered
1144,390,2024-07-20,Delivered
1145,25,2024-02-01,Returned
1146,141,2024-06-10,Delivered
1147,117,2024-09-11,Delivered
1148,482,2024-09-10,Delivered
1149,392,2024-01-09,Delivered
1150,405,2024-05-18,Delivered
1151,482,2024-01-10,Cancelled
1152,452,2024-08-01,Delivered
1153,25,2024-09-29,Delivered
1154,79,2024-11-19,Delivered
1155,68,2024-02-17,Returned
1156,173,2024-04-20,Delivered
1157,444,2024-06-01,Delivered
1158,12,2024-05-02,Delivered
1159,288,2024-12-22,Delivered
1160,128,2024-04-11,Delivered
1161,96,2024-08-28,Delivered
1162,92,2024-11-16,Delivered
1163,141,2024-07-09,Delivered
1164,31,2024-08-04,Cancelled
1165,334,2024-02-20,Delivered
1166,20,2024-10-18,Delivered
1167,146,2024-03-21,Delivered
1168,477,2024-03-28,Delivered
1169,316,2024-07-12,Delivered
1170,447,2024-04-13,Delivered
1171,390,2024-09-27,Delivered
1172,160,2024-04-05,Delivered
1173,349,2024-07-16,Returned
1174,43,2024-01-01,Delivered
1175,254,2024-06-15,Returned
1176,130,2024-05-05,Delivered
1177,60,2024-11-08,Delivered
1178,151,2024-03-21,Delivered
1179,467,2024-09-07,Delivered
1180,287,2024-06-17,Delivered
1181,499,2024-03-13,Delivered
1182,5,2024-05-20,Returned
1183,467,2024-03-10,Cancelled
1184,418,2024-09-18,Delivered
1185,266,2024-12-05,Delivered
1186,345,2024-11-03,Delivered
1187,130,2024-09-01,Delivered
1188,382,2024-01-03,Delivered
1189,267,2024-12-02,Returned
1190,178,2024-03-03,Delivered
1191,253,2024-02-18,Delivered
1192,415,2024-03-16,Delivered
1193,56,2024-06-23,Delivered
1194,463,2024-04-18,Delivered
1195,457,2024-07-01,Delivered
1196,471,2024-07-10,Delivered
1197,83,2024-03-05,Delivered
1198,393,2024-12-02,Delivered
1199,99,2024-09-27,Returned
1200,149,2024-04-09,Delivered
1201,329,2024-02-01,Delivered
1202,156,2024-12-17,Delivered
1203,190,2024-05-07,Delivered
1204,494,2024-12-04,Delivered
1205,371,2024-02-12,Cancelled
1206,263,2024-03-18,Delivered
1207,80,2024-11-09,Delivered
1208,400,2024-10-15,Delivered
1209,252,2024-09-26,Delivered
1210,97,2024-06-10,Cancelled
1211,260,2024-07-07,Cancelled
1212,260,2024-09-03,Delivered
1213,103,2024-08-03,Delivered
1214,40,2024-11-10,Delivered
1215,273,2024-12-04,Returned
1216,101,2024-06-16,Delivered
1217,359,2024-12-04,Returned
1218,380,2024-07-11,Delivered
1219,308,2024-10-09,Delivered
1220,221,2024-12-01,Delivered
1221,308,2024-01-13,Returned
1222,420,2024-08-27,Cancelled
1223,124,2024-11-15,Delivered
1224,422,2024-05-26,Delivered
1225,231,2024-07-22,Delivered
1226,178,2024-03-20,Delivered
1227,63,2024-02-12,Delivered
1228,485,2024-03-29,Delivered
1229,116,2024-05-27,Cancelled
1230,191,2024-04-04,Delivered
1231,62,2024-05-30,Cancelled
1232,256,2024-01-02,Delivered
1233,483,2024-01-22,Delivered
1234,7,2024-11-08,Delivered
1235,155,2024-11-23,Delivered
1236,92,2024-01-07,Delivered
1237,470,2024-07-24,Delivered
1238,14,2024-04-23,Delivered
1239,455,2024-09-28,Delivered
1240,229,2024-03-23,Delivered
1241,86,2024-06-27,Delivered
1242,133,2024-07-28,Cancelled
1243,183,2024-11-23,Returned
1244,386,2024-05-03,Delivered
1245,62,2024-04-22,Delivered
1246,219,2024-01-12,Delivered
1247,405,2024-05-05,Returned
1248,246,2024-02-22,Delivered
1249,230,2024-11-26,Delivered
1250,79,2024-10-09,Delivered
1251,149,2024-05-19,Delivered
1252,138,2024-04-06,Delivered
1253,471,2024-01-05,Delivered
1254,314,2024-02-26,Delivered
1255,376,2024-11-29,Delivered
1256,423,2024-03-09,Delivered
1257,389,2024-04-27,Delivered
1258,65,2024-02-28,Returned
1259,13,2024-02-02,Delivered
1260,213,2024-11-13,Cancelled
1261,474,2024-02-19,Delivered
1262,242,2024-01-19,Delivered
1263,493,2024-08-01,Returned
1264,213,2024-07-15,Delivered
1265,181,2024-02-16,Cancelled
1266,338,2024-06-15,Delivered
1267,485,2024-10-15,Cancelled
1268,173,2024-05-20,Delivered
1269,160,2024-03-24,Delivered
1270,164,2024-06-30,Delivered
1271,465,2024-03-19,Returned
1272,483,2024-08-02,Returned
1273,497,2024-01-14,Cancelled
1274,188,2024-08-02,Cancelled
1275,395,2024-05-07,Delivered
1276,191,2024-11-05,Delivered
1277,405,2024-09-04,Delivered
1278,308,2024-01-29,Delivered
1279,256,2024-10-06,Delivered
1280,183,2024-12-03,Delivered
1281,117,2024-11-14,Delivered
1282,282,2024-07-20,Delivered
1283,196,2024-12-26,Delivered
1284,34,2024-02-26,Delivered
1285,52,2024-08-05,Delivered
1286,112,2024-03-02,Delivered
1287,252,2024-06-05,Delivered
1288,82,2024-07-20,Delivered
1289,232,2024-01-17,Delivered
1290,227,2024-11-17,Delivered
1291,233,2024-01-06,Delivered
1292,221,2024-02-27,Delivered
1293,436,2024-11-20,Delivered
1294,413,2024-11-13,Delivered
1295,422,2024-06-17,Delivered
1296,42,2024-03-22,Returned
1297,21,2024-08-06,Returned
1298,42,2024-06-25,Delivered
1299,397,2024-07-22,Delivered
1300,113,2024-03-11,Delivered
1301,105,2024-09-22,Delivered
1302,192,2024-04-07,Returned
1303,17,2024-12-10,Delivered
1304,120,2024-10-17,Delivered
1305,393,2024-07-26,Delivered
1306,425,2024-01-02,Returned
1307,129,2024-05-03,Delivered
1308,130,2024-10-06,Delivered
1309,60,2024-03-14,Delivered
1310,48,2024-06-14,Delivered
1311,29,2024-01-22,Delivered
1312,97,2024-06-02,Delivered
1313,10,2024-10-21,Returned
1314,242,2024-08-06,Returned
1315,314,2024-06-05,Cancelled
1316,444,2024-08-17,Delivered
1317,232,2024-01-20,Cancelled
1318,277,2024-02-10,Delivered
1319,284,2024-05-27,Delivered
1320,203,2024-04-17,Delivered
1321,247,2024-03-24,Delivered
1322,290,2024-11-17,Delivered
1323,264,2024-11-04,Delivered
1324,443,2024-10-16,Delivered
1325,214,2024-11-18,Cancelled
1326,200,2024-05-13,Delivered
1327,433,2024-07-25,Delivered
1328,79,2024-10-09,Delivered
1329,401,2024-09-22,Delivered
1330,444,2024-03-13,Delivered
1331,343,2024-12-17,Delivered
1332,344,2024-02-17,Delivered
1333,173,2024-11-21,Delivered
1334,467,2024-08-20,Delivered
1335,69,2024-04-09,Cancelled
1336,416,2024-02-28,Delivered
1337,428,2024-09-14,Delivered
1338,449,2024-03-05,Cancelled
1339,87,2024-03-23,Delivered
1340,101,2024-06-02,Delivered
1341,8,2024-09-22,Cancelled
1342,333,2024-11-04,Delivered
1343,200,2024-03-19,Delivered
1344,87,2024-11-10,Delivered
1345,43,2024-05-29,Delivered
1346,385,2024-02-17,Delivered
1347,109,2024-09-04,Delivered
1348,435,2024-10-04,Delivered
1349,408,2024-12-21,Delivered
1350,483,2024-04-07,Delivered
1351,152,2024-01-25,Delivered
1352,17,2024-10-10,Delivered
1353,133,2024-10-27,Delivered
1354,148,2024-03-08,Delivered
1355,277,2024-01-07,Returned
1356,232,2024-10-31,Delivered
1357,314,2024-05-16,Delivered
1358,415,2024-06-12,Delivered
1359,366,2024-03-23,Delivered
1360,228,2024-05-17,Returned
1361,139,2024-03-13,Delivered
1362,436,2024-08-24,Returned
1363,399,2024-02-15,Delivered
1364,211,2024-04-15,Delivered
1365,391,2024-10-14,Delivered
1366,499,2024-09-18,Cancelled
1367,28,2024-06-24,Delivered
1368,51,2024-06-14,Delivered
1369,491,2024-05-24,Delivered
1370,442,2024-11-25,Delivered
1371,261,2024-10-09,Returned
1372,261,2024-02-23,Delivered
1373,350,2024-06-26,Delivered
1374,352,2024-08-31,Delivered
1375,8,2024-12-06,Delivered
1376,320,2024-05-06,Returned
1377,138,2024-09-27,Delivered
1378,38,2024-05-11,Delivered
1379,111,2024-04-02,Cancelled
1380,480,2024-03-13,Delivered
1381,368,2024-09-04,Delivered
1382,220,2024-12-13,Delivered
1383,337,2024-09-29,Delivered
1384,223,2024-02-12,Delivered
1385,136,2024-02-10,Returned
1386,256,2024-06-18,Delivered
1387,360,2024-07-30,Delivered
1388,409,2024-06-16,Returned
1389,329,2024-02-08,Delivered
1390,450,2024-09-01,Delivered
1391,463,2024-05-30,Delivered
1392,434,2024-04-20,Returned
1393,451,2024-02-16,Delivered
1394,49,2024-03-03,Delivered
1395,292,2024-08-12,Cancelled
1396,382,2024-03-09,Delivered
1397,324,2024-10-25,Delivered
1398,78,2024-10-16,Cancelled
1399,105,2024-10-22,Delivered
1400,169,2024-07-21,Delivered
1401,217,2024-03-01,Returned
1402,378,2024-11-13,Delivered
1403,119,2024-11-09,Delivered
1404,190,2024-06-09,Cancelled
1405,255,2024-11-26,Cancelled
1406,370,2024-01-16,Delivered
1407,266,2024-12-03,Delivered
1408,149,2024-04-03,Delivered
1409,164,2024-10-30,Delivered
1410,140,2024-05-17,Delivered
1411,347,2024-12-03,Delivered
1412,488,2024-02-07,Delivered
1413,258,2024-05-06,Delivered
1414,374,2024-10-01,Delivered
1415,269,2024-06-12,Delivered
1416,181,2024-11-14,Delivered
1417,160,2024-03-17,Delivered
1418,351,2024-06-22,Delivered
1419,400,2024-12-23,Delivered
1420,288,2024-11-16,Delivered
1421,288,2024-03-31,Delivered
1422,380,2024-08-25,Returned
1423,226,2024-09-20,Delivered
1424,11,2024-06-27,Returned
1425,10,2024-07-27,Delivered
1426,271,2024-03-13,Delivered
1427,273,2024-04-16,Cancelled
1428,424,2024-12-10,Delivered
1429,402,2024-10-21,Delivered
1430,183,2024-10-10,Delivered
1431,457,2024-12-18,Delivered
1432,153,2024-06-30,Delivered
1433,488,2024-02-06,Delivered
1434,315,2024-05-16,Delivered
1435,334,2024-12-03,Delivered
1436,124,2024-02-25,Returned
1437,473,2024-07-05,Delivered
1438,114,2024-12-06,Delivered
1439,278,2024-09-14,Cancelled
1440,500,2024-02-27,Delivered
1441,414,2024-12-28,Delivered
1442,468,2024-05-02,Delivered
1443,213,2024-07-06,Delivered
1444,172,2024-08-17,Delivered
1445,288,2024-06-16,Delivered
1446,435,2024-04-23,Returned
1447,174,2024-09-08,Delivered
1448,113,2024-04-16,Delivered
1449,376,2024-02-06,Delivered
1450,405,2024-11-30,Delivered
1451,483,2024-04-01,Cancelled
1452,122,2024-01-18,Delivered
1453,32,2024-12-19,Delivered
1454,222,2024-03-03,Cancelled
1455,119,2024-05-29,Delivered
1456,39,2024-05-18,Delivered
1457,497,2024-07-04,Delivered
1458,268,2024-07-03,Cancelled
1459,233,2024-07-23,Delivered
1460,431,2024-09-16,Cancelled
1461,18,2024-08-01,Delivered
1462,149,2024-09-12,Delivered
1463,397,2024-05-14,Cancelled
1464,149,2024-03-01,Delivered
1465,126,2024-12-28,Delivered
1466,392,2024-11-05,Delivered
1467,302,2024-03-28,Delivered
1468,360,2024-11-19,Delivered
1469,238,2024-07-25,Delivered
1470,135,2024-05-08,Delivered
1471,151,2024-11-06,Delivered
1472,236,2024-01-03,Delivered
1473,224,2024-08-29,Delivered
1474,203,2024-04-30,Delivered
1475,256,2024-04-11,Cancelled
1476,86,2024-02-07,Delivered
1477,150,2024-12-06,Delivered
1478,235,2024-05-12,Returned
1479,345,2024-07-20,Delivered
1480,22,2024-12-13,Returned
1481,348,2024-01-21,Delivered
1482,285,2024-08-29,Delivered
1483,269,2024-04-18,Delivered
1484,466,2024-10-29,Delivered
1485,258,2024-03-24,Delivered
1486,29,2024-03-23,Delivered
1487,213,2024-10-17,Delivered
1488,463,2024-03-09,Delivered
1489,436,2024-05-08,Delivered
1490,283,2024-07-14,Delivered
1491,50,2024-05-19,Delivered
1492,95,2024-10-09,Delivered
1493,463,2024-11-07,Returned
1494,499,2024-08-21,Delivered
1495,407,2024-01-23,Returned
1496,88,2024-06-01,Delivered
1497,44,2024-10-03,Delivered
1498,461,2024-03-01,Delivered
1499,278,2024-11-14,Delivered
1500,171,2024-02-21,Delivered
1501,421,2024-12-09,Delivered
1502,189,2024-06-01,Delivered
1503,353,2024-08-24,Delivered
1504,184,2024-11-06,Delivered
1505,3,2024-10-28,Delivered
1506,191,2024-02-01,Delivered
1507,118,2024-02-24,Cancelled
1508,19,2024-12-17,Delivered
1509,23,2024-02-05,Delivered
1510,413,2024-04-19,Delivered
1511,30,2024-06-25,Delivered
1512,295,2024-12-27,Delivered
1513,108,2024-11-09,Delivered
1514,367,2024-10-21,Delivered
1515,281,2024-12-01,Delivered
1516,128,2024-04-06,Returned
1517,229,2024-07-31,Returned
1518,111,2024-11-12,Delivered
1519,136,2024-05-16,Delivered
1520,362,2024-01-06,Delivered
1521,186,2024-04-18,Delivered
1522,144,2024-02-04,Delivered
1523,72,2024-02-08,Delivered
1524,129,2024-05-29,Returned
1525,364,2024-04-27,Delivered
1526,261,2024-09-17,Delivered
1527,3,2024-03-27,Delivered
1528,449,2024-03-16,Delivered
1529,388,2024-11-08,Delivered
1530,104,2024-08-01,Returned
1531,483,2024-10-11,Delivered
1532,224,2024-08-26,Delivered
1533,320,2024-06-13,Delivered
1534,362,2024-03-27,Delivered
1535,354,2024-05-20,Delivered
1536,491,2024-06-08,Delivered
1537,473,2024-02-15,Delivered
1538,10,2024-04-21,Cancelled
1539,405,2024-02-14,Delivered
1540,384,2024-09-03,Delivered
1541,302,2024-04-13,Delivered
1542,231,2024-03-25,Delivered
1543,219,2024-05-13,Delivered
1544,411,2024-04-17,Delivered
1545,66,2024-01-18,Delivered
1546,425,2024-04-03,Delivered
1547,112,2024-05-29,Delivered
1548,13,2024-09-02,Cancelled
1549,393,2024-10-15,Delivered
1550,500,2024-07-27,Delivered
1551,420,2024-05-05,Delivered
1552,86,2024-08-22,Cancelled
1553,234,2024-05-01,Delivered
1554,90,2024-05-17,Delivered
1555,314,2024-04-24,Delivered
1556,54,2024-06-10,Delivered
1557,12,2024-07-19,Delivered
1558,209,2024-08-21,Delivered
1559,462,2024-01-28,Delivered
1560,14,2024-01-11,Delivered
1561,121,2024-07-24,Delivered
1562,418,2024-06-15,Delivered
1563,437,2024-09-03,Delivered
1564,377,2024-02-16,Delivered
1565,20,2024-09-02,Returned
1566,75,2024-05-06,Returned
1567,400,2024-05-26,Cancelled
1568,243,2024-04-27,Delivered
1569,223,2024-05-31,Delivered
1570,70,2024-03-12,Delivered
1571,312,2024-12-28,Delivered
1572,211,2024-05-16,Delivered
1573,101,2024-06-23,Delivered
1574,186,2024-10-15,Delivered
1575,132,2024-01-19,Delivered
1576,111,2024-07-13,Delivered
1577,381,2024-11-25,Returned
1578,132,2024-06-23,Delivered
1579,20,2024-12-19,Delivered
1580,394,2024-05-20,Returned
1581,24,2024-09-02,Delivered
1582,227,2024-04-02,Delivered
1583,154,2024-08-26,Delivered
1584,293,2024-07-23,Delivered
1585,230,2024-02-17,Cancelled
1586,469,2024-09-01,Delivered
1587,310,2024-11-15,Delivered
1588,488,2024-11-12,Delivered
1589,359,2024-10-21,Delivered
1590,405,2024-05-07,Returned
1591,202,2024-12-09,Delivered
1592,38,2024-10-08,Delivered
1593,430,2024-01-17,Delivered
1594,260,2024-03-11,Delivered
1595,188,2024-09-25,Returned
1596,57,2024-11-20,Delivered
1597,429,2024-10-08,Delivered
1598,20,2024-10-31,Delivered
1599,273,2024-01-07,Delivered
1600,119,2024-11-09,Delivered
1601,71,2024-10-31,Cancelled
1602,4,2024-04-12,Delivered
1603,221,2024-11-04,Cancelled
1604,14,2024-07-11,Delivered
1605,3,2024-08-28,Delivered
1606,216,2024-03-02,Delivered
1607,229,2024-01-17,Delivered
1608,336,2024-06-19,Returned
1609,186,2024-01-25,Delivered
1610,55,2024-09-07,Delivered
1611,500,2024-09-09,Delivered
1612,388,2024-07-25,Delivered
1613,376,2024-01-29,Delivered
1614,254,2024-04-26,Delivered
1615,24,2024-10-08,Delivered
1616,162,2024-05-23,Delivered
1617,158,2024-01-25,Delivered
1618,82,2024-11-05,Delivered
1619,403,2024-06-04,Delivered
1620,159,2024-03-13,Delivered
1621,188,2024-04-29,Returned
1622,60,2024-11-07,Delivered
1623,403,2024-11-16,Delivered
1624,305,2024-04-02,Delivered
1625,319,2024-03-26,Delivered
1626,366,2024-12-01,Delivered
1627,211,2024-12-29,Delivered
1628,406,2024-04-27,Delivered
1629,152,2024-08-20,Delivered
1630,109,2024-07-17,Delivered
1631,76,2024-07-24,Cancelled
1632,30,2024-12-04,Cancelled
1633,314,2024-05-26,Delivered
1634,486,2024-09-27,Delivered
1635,117,2024-05-18,Returned
1636,415,2024-06-29,Delivered
1637,356,2024-01-30,Cancelled
1638,192,2024-02-26,Delivered
1639,19,2024-08-19,Returned
1640,432,2024-05-25,Delivered
1641,173,2024-02-17,Returned
1642,228,2024-07-12,Delivered
1643,350,2024-08-11,Delivered
1644,183,2024-05-15,Returned
1645,113,2024-01-22,Delivered
1646,183,2024-01-06,Delivered
1647,481,2024-07-22,Delivered
1648,146,2024-08-26,Delivered
1649,319,2024-07-03,Returned
1650,116,2024-12-25,Delivered
1651,113,2024-10-18,Delivered
1652,251,2024-11-30,Delivered
1653,476,2024-08-07,Delivered
1654,251,2024-04-25,Delivered
1655,303,2024-11-08,Delivered
1656,459,2024-02-18,Delivered
1657,313,2024-06-21,Returned
1658,118,2024-03-22,Delivered
1659,301,2024-11-17,Delivered
1660,161,2024-11-28,Returned
1661,401,2024-02-14,Delivered
1662,198,2024-11-30,Cancelled
1663,260,2024-01-20,Delivered
1664,148,2024-08-08,Cancelled
1665,240,2024-05-02,Delivered
1666,47,2024-08-21,Returned
1667,475,2024-08-08,Delivered
1668,399,2024-11-18,Delivered
1669,198,2024-12-04,Delivered
1670,47,2024-01-03,Delivered
1671,78,2024-06-30,Delivered
1672,124,2024-07-24,Delivered
1673,75,2024-11-15,Delivered
1674,359,2024-02-09,Delivered
1675,137,2024-02-28,Delivered
1676,90,2024-03-02,Delivered
1677,400,2024-05-11,Delivered
1678,325,2024-02-29,Delivered
1679,500,2024-11-26,Delivered
1680,61,2024-05-01,Delivered
1681,138,2024-04-16,Delivered
1682,50,2024-04-05,Delivered
1683,259,2024-12-12,Cancelled
1684,461,2024-08-22,Delivered
1685,107,2024-03-02,Delivered
1686,113,2024-09-12,Delivered
1687,350,2024-02-18,Delivered
1688,254,2024-12-13,Delivered
1689,118,2024-06-07,Delivered
1690,493,2024-05-03,Delivered
1691,198,2024-11-12,Delivered
1692,337,2024-07-25,Delivered
1693,365,2024-02-17,Delivered
1694,51,2024-05-15,Delivered
1695,245,2024-07-19,Delivered
1696,403,2024-09-06,Returned
1697,426,2024-11-09,Delivered
1698,35,2024-12-22,Delivered
1699,302,2024-11-13,Returned
1700,410,2024-10-21,Delivered
1701,499,2024-11-09,Delivered
1702,69,2024-07-27,Delivered
1703,349,2024-12-20,Cancelled
1704,320,2024-07-29,Delivered
1705,421,2024-07-10,Delivered
1706,468,2024-02-13,Delivered
1707,49,2024-01-29,Returned
1708,405,2024-02-28,Delivered
1709,74,2024-03-11,Delivered
1710,192,2024-04-01,Cancelled
1711,261,2024-09-21,Delivered
1712,356,2024-08-07,Delivered
1713,70,2024-08-02,Delivered
1714,90,2024-10-03,Delivered
1715,260,2024-03-04,Cancelled
1716,126,2024-12-11,Delivered
1717,231,2024-10-18,Cancelled
1718,295,2024-09-01,Delivered
1719,498,2024-03-02,Delivered
1720,419,2024-11-27,Returned
1721,129,2024-06-18,Delivered
1722,280,2024-09-25,Delivered
1723,313,2024-09-23,Delivered
1724,100,2024-02-23,Cancelled
1725,326,2024-01-16,Delivered
1726,297,2024-01-08,Delivered
1727,182,2024-04-13,Delivered
1728,174,2024-02-28,Delivered
1729,316,2024-11-08,Delivered
1730,364,2024-02-09,Delivered
1731,188,2024-08-24,Delivered
1732,57,2024-04-03,Delivered
1733,31,2024-08-09,Delivered
1734,84,2024-07-22,Returned
1735,152,2024-05-17,Delivered
1736,473,2024-10-26,Returned
1737,36,2024-07-25,Delivered
1738,213,2024-12-01,Delivered
1739,414,2024-03-21,Cancelled
1740,408,2024-08-05,Delivered
1741,364,2024-01-02,Delivered
1742,106,2024-06-26,Returned
1743,414,2024-12-11,Delivered
1744,342,2024-10-05,Delivered
1745,220,2024-05-25,Delivered
1746,391,2024-11-13,Delivered
1747,163,2024-08-11,Delivered
1748,439,2024-03-02,Delivered
1749,220,2024-10-20,Delivered
1750,270,2024-08-26,Delivered
1751,120,2024-07-13,Delivered
1752,394,2024-06-14,Delivered
1753,336,2024-08-09,Delivered
1754,400,2024-03-01,Delivered
1755,182,2024-05-08,Delivered
1756,479,2024-06-21,Delivered
1757,106,2024-06-04,Delivered
1758,217,2024-04-19,Delivered
1759,205,2024-09-25,Cancelled
1760,70,2024-12-21,Delivered
1761,44,2024-10-04,Delivered
1762,329,2024-03-14,Delivered
1763,301,2024-07-25,Delivered
1764,228,2024-10-05,Cancelled
1765,184,2024-11-21,Cancelled
1766,107,2024-12-05,Delivered
1767,84,2024-12-22,Delivered
1768,338,2024-12-05,Returned
1769,250,2024-07-22,Returned
1770,363,2024-06-09,Delivered
1771,441,2024-01-28,Delivered
1772,21,2024-09-13,Delivered
1773,196,2024-06-13,Returned
1774,178,2024-03-03,Delivered
1775,417,2024-01-22,Delivered
1776,475,2024-03-10,Delivered
1777,7,2024-04-05,Delivered
1778,70,2024-06-11,Delivered
1779,127,2024-03-19,Returned
1780,399,2024-01-05,Delivered
1781,466,2024-11-11,Delivered
1782,160,2024-04-29,Delivered
1783,248,2024-10-28,Delivered
1784,203,2024-06-26,Delivered
1785,148,2024-06-24,Delivered
1786,472,2024-08-04,Delivered
1787,143,2024-02-25,Delivered
1788,432,2024-07-05,Delivered
1789,199,2024-08-19,Delivered
1790,405,2024-09-11,Returned
1791,426,2024-04-13,Returned
1792,154,2024-03-17,Delivered
1793,492,2024-08-17,Delivered
1794,376,2024-09-14,Returned
1795,384,2024-09-20,Delivered
1796,142,2024-11-26,Cancelled
1797,313,2024-06-30,Returned
1798,165,2024-09-12,Delivered
1799,314,2024-02-07,Delivered
1800,21,2024-06-24,Returned
1801,82,2024-01-27,Delivered
1802,69,2024-10-02,Delivered
1803,131,2024-05-19,Delivered
1804,87,2024-10-25,Delivered
1805,218,2024-10-13,Delivered
1806,421,2024-03-31,Delivered
1807,472,2024-03-01,Returned
1808,305,2024-12-30,Delivered
1809,403,2024-12-12,Delivered
1810,371,2024-06-11,Delivered
1811,345,2024-12-16,Delivered
1812,341,2024-05-22,Delivered
1813,384,2024-09-09,Returned
1814,396,2024-09-25,Cancelled
1815,445,2024-10-17,Delivered
1816,425,2024-07-05,Delivered
1817,161,2024-10-30,Delivered
1818,178,2024-10-17,Delivered
1819,117,2024-03-26,Delivered
1820,196,2024-06-14,Delivered
1821,383,2024-04-23,Returned
1822,490,2024-12-21,Delivered
1823,327,2024-07-01,Delivered
1824,86,2024-07-25,Delivered
1825,289,2024-09-12,Delivered
1826,81,2024-08-22,Delivered
1827,152,2024-12-20,Delivered
1828,61,2024-01-03,Delivered
1829,61,2024-07-26,Delivered
1830,354,2024-07-15,Delivered
1831,28,2024-12-06,Delivered
1832,442,2024-05-04,Delivered
1833,43,2024-05-17,Delivered
1834,169,2024-12-04,Cancelled
1835,423,2024-01-25,Delivered
1836,86,2024-03-08,Delivered
1837,177,2024-03-01,Delivered
1838,17,2024-01-29,Delivered
1839,98,2024-01-19,Delivered
1840,454,2024-06-19,Delivered
1841,494,2024-03-14,Delivered
1842,198,2024-03-01,Delivered
1843,98,2024-06-01,Returned
1844,65,2024-10-02,Delivered
1845,330,2024-02-17,Cancelled
1846,341,2024-07-29,Delivered
1847,5,2024-12-08,Delivered
1848,2,2024-05-18,Cancelled
1849,22,2024-04-19,Delivered
1850,112,2024-07-01,Delivered
1851,57,2024-01-28,Delivered
1852,66,2024-07-15,Delivered
1853,330,2024-07-09,Delivered
1854,98,2024-11-10,Delivered
1855,144,2024-02-20,Cancelled
1856,368,2024-05-28,Delivered
1857,435,2024-09-24,Returned
1858,125,2024-02-19,Returned
1859,167,2024-09-02,Delivered
1860,86,2024-04-22,Delivered
1861,76,2024-06-18,Cancelled
1862,344,2024-06-14,Returned
1863,495,2024-01-14,Delivered
1864,424,2024-07-21,Delivered
1865,294,2024-10-14,Delivered
1866,444,2024-07-07,Delivered
1867,59,2024-06-03,Delivered
1868,138,2024-02-24,Delivered
1869,99,2024-06-30,Delivered
1870,192,2024-07-28,Delivered
1871,243,2024-03-15,Delivered
1872,319,2024-10-03,Delivered
1873,49,2024-05-12,Delivered
1874,448,2024-12-08,Delivered
1875,32,2024-02-28,Delivered
1876,391,2024-12-10,Delivered
1877,277,2024-06-30,Delivered
1878,20,2024-12-04,Returned
1879,154,2024-11-16,Delivered
1880,383,2024-03-04,Delivered
1881,68,2024-11-22,Delivered
1882,366,2024-09-16,Returned
1883,372,2024-07-11,Delivered
1884,214,2024-05-22,Delivered
1885,143,2024-04-13,Delivered
1886,376,2024-08-01,Delivered
1887,232,2024-08-29,Delivered
1888,213,2024-07-27,Delivered
1889,79,2024-04-02,Delivered
1890,214,2024-05-21,Delivered
1891,116,2024-04-21,Delivered
1892,92,2024-02-28,Delivered
1893,270,2024-02-12,Cancelled
1894,411,2024-07-25,Delivered
1895,381,2024-09-24,Cancelled
1896,489,2024-10-22,Delivered
1897,168,2024-04-27,Delivered
1898,58,2024-01-20,Delivered
1899,284,2024-08-09,Returned
1900,26,2024-06-14,Delivered
1901,369,2024-05-10,Delivered
1902,447,2024-06-04,Delivered
1903,66,2024-07-02,Delivered
1904,409,2024-03-30,Delivered
1905,248,2024-04-03,Delivered
1906,254,2024-01-13,Delivered
1907,387,2024-11-17,Delivered
1908,456,2024-10-19,Delivered
1909,44,2024-08-17,Delivered
1910,97,2024-11-17,Delivered
1911,42,2024-10-18,Delivered
1912,500,2024-01-26,Delivered
1913,227,2024-03-15,Delivered
1914,262,2024-12-29,Returned
1915,167,2024-10-25,Returned
1916,436,2024-05-29,Cancelled
1917,279,2024-05-27,Delivered
1918,89,2024-01-08,Delivered
1919,379,2024-01-29,Delivered
1920,178,2024-10-22,Delivered
1921,427,2024-07-27,Delivered
1922,403,2024-05-07,Delivered
1923,197,2024-12-05,Cancelled
1924,307,2024-04-25,Cancelled
1925,267,2024-05-23,Delivered
1926,268,2024-11-13,Delivered
1927,74,2024-08-22,Delivered
1928,8,2024-01-07,Delivered
1929,408,2024-02-14,Delivered
1930,476,2024-08-26,Delivered
1931,297,2024-06-03,Delivered
1932,164,2024-06-29,Delivered
1933,485,2024-08-02,Delivered
1934,85,2024-03-28,Delivered
1935,72,2024-09-12,Delivered
1936,55,2024-03-13,Cancelled
1937,393,2024-06-27,Delivered
1938,47,2024-07-30,Delivered
1939,399,2024-10-19,Delivered
1940,432,2024-08-21,Delivered
1941,238,2024-08-26,Returned
1942,104,2024-08-10,Delivered
1943,210,2024-04-28,Delivered
1944,42,2024-11-08,Delivered
1945,316,2024-09-20,Returned
1946,468,2024-07-25,Delivered
1947,454,2024-04-04,Delivered
1948,268,2024-08-09,Delivered
1949,386,2024-10-02,Delivered
1950,263,2024-08-18,Delivered
1951,336,2024-11-04,Delivered
1952,387,2024-04-28,Delivered
1953,365,2024-09-24,Cancelled
1954,259,2024-09-29,Delivered
1955,283,2024-03-04,Delivered
1956,114,2024-10-24,Delivered
1957,363,2024-12-15,Delivered
1958,40,2024-01-11,Delivered
1959,486,2024-04-07,Delivered
1960,417,2024-03-11,Delivered
1961,220,2024-12-29,Delivered
1962,129,2024-02-27,Delivered
1963,8,2024-10-16,Delivered
1964,101,2024-09-07,Delivered
1965,416,2024-10-02,Delivered
1966,380,2024-02-19,Delivered
1967,176,2024-12-23,Returned
1968,107,2024-08-03,Cancelled
1969,101,2024-02-21,Delivered
1970,260,2024-09-27,Delivered
1971,478,2024-03-24,Delivered
1972,454,2024-10-19,Cancelled
1973,366,2024-05-05,Delivered
1974,246,2024-10-22,Delivered
1975,275,2024-03-12,Delivered
1976,32,2024-10-22,Cancelled
1977,137,2024-08-23,Delivered
1978,12,2024-02-25,Delivered
1979,395,2024-12-25,Delivered
1980,302,2024-04-19,Delivered
1981,375,2024-07-10,Delivered
1982,16,2024-04-02,Delivered
1983,129,2024-12-15,Delivered
1984,63,2024-02-25,Delivered
1985,109,2024-02-29,Delivered
1986,375,2024-05-17,Delivered
1987,21,2024-02-08,Delivered
1988,158,2024-01-28,Delivered
1989,269,2024-02-18,Delivered
1990,162,2024-05-04,Delivered
1991,260,2024-01-13,Delivered
1992,412,2024-02-05,Delivered
1993,102,2024-04-10,Cancelled
1994,223,2024-10-08,Delivered
1995,59,2024-03-26,Delivered
1996,247,2024-01-04,Delivered
1997,128,2024-08-10,Delivered
1998,283,2024-12-03,Cancelled
1999,325,2024-06-14,Cancelled
2000,25,2024-12-09,Delivered
325,179,2024-12-22,Delivered
784,343,2024-06-11,Delivered
979,27,2024-02-05,Delivered
1917,279,2024-05-27,Delivered
247,497,2024-02-28,Delivered
1730,364,2024-02-09,Delivered
1885,143,2024-04-13,Delivered
1484,466,2024-10-29,Delivered
1898,58,2024-01-20,Delivered
1263,493,2024-08-01,Returned
1665,240,2024-05-02,Delivered
1634,486,2024-09-27,Delivered
1072,449,2024-02-10,Cancelled
1007,442,2024-03-29,Delivered
1512,295,2024-12-27,Delivered
544,164,2024-02-04,Cancelled
252,271,2024-09-23,Delivered
1104,462,2024-02-23,Cancelled
5,269,2024-06-02,Delivered
917,293,2024-08-22,Delivered
659,290,2024-07-22,Returned
1597,429,2024-10-08,Delivered
1091,490,2024-09-04,Returned
306,277,2024-07-19,Delivered
1958,40,2024-01-11,Delivered
120,224,2024-09-21,Delivered
464,404,2024-05-26,Delivered
95,133,2024-10-07,Delivered
1968,107,2024-08-03,Cancelled
1573,101,2024-06-23,Delivered
913,149,2024-01-03,Delivered
1953,365,2024-09-24,Cancelled
729,344,2024-08-23,Delivered
1081,311,2024-10-09,Delivered
1252,138,2024-04-06,Delivered
1162,92,2024-11-16,Delivered
263,8,2024-03-12,Delivered
1448,113,2024-04-16,Delivered
650,129,2024-01-12,Delivered
1899,284,2024-08-09,Returned
627,39,2024-08-01,Returned
1266,338,2024-06-15,Delivered
1291,233,2024-01-06,Delivered
1442,468,2024-05-02,Delivered
1356,232,2024-10-31,Delivered
3,227,2024-07-14,Delivered
1997,128,2024-08-10,Delivered
424,356,2024-06-10,Delivered
1242,133,2024-07-28,Cancelled
1734,84,2024-07-22,Returned
