order_item_id,order_id,product_id,quantity
1,436,19,2
2,852,91,3
3,205,29,3
4,1100,100,2
5,77,35,4
6,816,70,3
7,768,23,3
8,106,46,3
9,1747,44,2
10,1466,48,1
11,245,52,1
12,1406,8,1
13,982,55,1
14,1737,66,1
15,142,77,3
16,893,40,3
17,1392,85,4
18,545,31,3
19,1470,48,2
20,763,100,4
21,624,61,3
22,656,52,4
23,1248,38,4
24,43,91,1
25,1027,36,4
26,1661,87,3
27,1292,55,1
28,596,85,3
29,1013,13,1
30,958,37,3
31,561,47,1
32,1331,90,1
33,1313,71,2
34,1822,22,3
35,1551,39,4
36,850,87,1
37,1279,58,3
38,1534,30,1
39,1815,18,2
40,1742,18,2
41,606,74,2
42,1487,39,2
43,1295,94,4
44,746,26,4
45,558,71,1
46,942,7,3
47,1270,69,2
48,940,65,2
49,1611,46,4
50,1726,18,4
51,985,13,2
52,1588,25,3
53,1337,8,1
54,1875,74,1
55,662,32,1
56,33,17,1
57,1817,79,3
58,1890,79,3
59,1157,48,3
60,61,63,4
61,1544,40,2
62,272,84,3
63,1200,15,1
64,1807,99,3
65,1155,6,2
66,1126,94,4
67,310,63,1
68,1316,8,4
69,1746,95,3
70,338,32,1
71,10,45,1
72,49,52,3
73,1511,79,3
74,1345,82,2
75,731,13,3
76,795,24,3
77,1649,40,3
78,133,14,1
79,376,92,2
80,271,75,1
81,1507,70,3
82,76,62,2
83,1957,89,3
84,1667,61,1
85,329,1,1
86,41,89,3
87,1191,66,2
88,13,32,1
89,924,13,3
90,1843,33,4
91,1233,32,3
92,1215,56,3
93,653,24,2
94,1704,91,3
95,621,4,4
96,1963,88,3
97,1646,23,4
98,417,29,1
99,664,98,3
100,1779,21,2
101,1380,30,3
102,148,90,4
103,3,20,4
104,1389,16,2
105,1726,67,4
106,402,49,3
107,1516,58,4
108,1953,44,3
109,229,25,3
110,1599,23,4
111,268,59,2
112,1429,1,1
113,1817,97,2
114,1035,15,1
115,1344,81,2
116,126,98,3
117,1726,81,3
118,1113,52,4
119,1376,58,1
120,689,41,1
121,1281,44,4
122,1233,4,2
123,281,77,4
124,443,68,2
125,1864,7,4
126,837,46,1
127,389,9,1
128,617,87,2
129,147,33,1
130,521,33,1
131,630,84,1
132,289,4,1
133,1410,65,3
134,14,34,4
135,257,91,4
136,1722,85,3
137,1424,88,1
138,1231,79,4
139,858,99,4
140,1196,64,4
141,464,25,2
142,270,55,3
143,1245,9,2
144,1207,17,2
145,72,21,3
146,1307,60,4
147,1751,13,2
148,497,3,4
149,988,68,2
150,910,4,4
151,373,92,1
152,362,7,1
153,1345,26,1
154,324,75,3
155,575,24,1
156,736,10,2
157,1216,13,4
158,1696,44,4
159,1908,39,4
160,719,19,4
161,781,51,2
162,1020,19,4
163,1404,76,2
164,1427,52,2
165,664,86,4
166,1773,47,4
167,11,30,4
168,1039,46,2
169,585,76,3
170,1076,93,2
171,1375,21,3
172,1452,75,4
173,1855,48,2
174,1790,62,4
175,743,58,3
176,1777,18,3
177,204,59,2
178,1077,91,2
179,974,48,2
180,1399,63,2
181,1866,12,1
182,1300,87,1
183,1055,34,4
184,1159,61,3
185,105,87,3
186,253,53,4
187,295,25,4
188,1182,62,4
189,549,4,1
190,1778,94,4
191,299,94,3
192,1749,13,4
193,1844,42,2
194,101,49,3
195,1775,78,3
196,874,56,3
197,92,47,1
198,447,8,1
199,109,55,3
200,317,88,2
201,1836,18,3
202,1944,35,1
203,1459,89,2
204,442,81,3
205,1246,32,1
206,1552,24,2
207,278,7,4
208,569,13,4
209,1010,91,3
210,839,69,4
211,1608,100,1
212,30,90,2
213,1943,42,3
214,1258,31,2
215,365,74,2
216,1801,26,2
217,1823,86,1
218,1863,76,3
219,905,32,4
220,698,91,2
221,1856,97,2
222,351,52,2
223,180,20,1
224,1504,40,4
225,1187,59,2
226,1807,77,1
227,774,14,1
228,510,44,2
229,365,86,2
230,353,82,1
231,1107,48,1
232,1249,93,2
233,412,43,1
234,735,16,1
235,118,35,2
236,482,53,2
237,192,34,3
238,107,3,4
239,382,68,2
240,783,5,2
241,244,10,2
242,468,52,4
243,866,29,3
244,1562,96,1
245,1234,31,4
246,604,66,2
247,1661,76,2
248,1097,91,3
249,544,69,3
250,1659,37,3
251,1734,27,1
252,1614,87,4
253,860,33,4
254,1880,68,3
255,1277,59,1
256,13,64,4
257,1100,85,2
258,1075,88,2
259,787,44,2
260,149,95,4
261,1755,88,3
262,1304,49,2
263,1180,53,3
264,82,74,1
265,492,49,2
266,120,66,1
267,925,95,3
268,1297,63,4
269,1604,25,3
270,1597,4,2
271,123,51,2
272,708,11,3
273,991,17,2
274,627,66,2
275,710,70,1
276,794,73,4
277,712,69,3
278,1718,84,1
279,257,29,2
280,1213,85,1
281,871,73,4
282,1732,92,3
283,809,72,4
284,271,95,4
285,1544,20,1
286,550,27,1
287,1138,8,4
288,568,85,2
289,359,61,3
290,1674,28,2
291,1638,87,2
292,1358,70,3
293,1713,3,1
294,1363,69,2
295,798,73,1
296,1285,7,3
297,887,60,2
298,1759,4,1
299,1223,5,1
300,287,11,2
301,1716,15,3
302,1786,64,4
303,743,98,1
304,1506,13,3
305,627,7,2
306,1047,6,1
307,296,56,1
308,681,64,1
309,1892,50,3
310,795,30,1
311,203,22,1
312,325,25,2
313,327,28,1
314,987,84,3
315,761,39,2
316,1037,67,4
317,907,5,2
318,1404,65,1
319,365,15,4
320,1245,90,2
321,1649,67,1
322,1070,40,2
323,274,98,3
324,1953,69,1
325,1885,95,3
326,124,77,1
327,1353,43,3
328,1692,1,4
329,442,22,3
330,1241,62,2
331,911,79,1
332,1026,26,2
333,1560,18,3
334,1742,48,1
335,1735,9,3
336,626,1,4
337,1691,9,4
338,998,23,4
339,91,45,3
340,207,2,3
341,1089,14,4
342,1912,38,3
343,516,40,2
344,1181,63,3
345,1793,82,2
346,1902,16,4
347,1730,93,3
348,395,75,4
349,1098,6,1
350,187,3,3
351,1598,14,3
352,1592,66,4
353,730,96,4
354,240,95,4
355,141,75,1
356,139,86,1
357,70,67,4
358,385,31,3
359,630,33,3
360,205,88,4
361,1750,1,2
362,568,44,1
363,982,15,1
364,805,37,2
365,1711,27,4
366,882,48,3
367,1162,27,3
368,974,12,1
369,640,67,2
370,1455,30,3
371,325,96,1
372,442,87,3
373,804,66,3
374,226,7,3
375,1088,34,1
376,967,32,2
377,560,39,4
378,714,96,2
379,498,43,3
380,257,43,2
381,577,78,3
382,38,3,1
383,410,46,1
384,461,32,1
385,1441,43,3
386,383,100,2
387,1833,81,4
388,569,3,4
389,1072,74,1
390,433,63,4
391,56,40,3
392,1752,18,2
393,424,67,4
394,902,62,4
395,1625,10,2
396,257,52,4
397,672,73,2
398,490,46,3
399,1683,55,3
400,316,46,3
401,434,75,1
402,1026,60,3
403,1976,97,4
404,1980,100,1
405,1390,26,1
406,420,27,1
407,1597,38,3
408,1585,22,1
409,844,26,3
410,1468,86,3
411,434,69,1
412,1579,35,1
413,964,66,4
414,977,99,1
415,46,73,3
416,1194,51,4
417,417,18,4
418,848,43,3
419,247,12,1
420,230,3,1
421,792,82,2
422,637,7,1
423,738,97,2
424,1089,6,4
425,88,82,4
426,713,45,4
427,1750,86,2
428,1228,39,3
429,1937,51,3
430,1406,9,4
431,601,99,2
432,1500,23,2
433,214,12,4
434,698,88,1
435,1243,62,4
436,1184,73,2
437,1001,77,1
438,237,40,3
439,1205,54,1
440,1482,81,3
441,1104,7,2
442,647,17,4
443,473,50,4
444,112,24,4
445,1846,2,4
446,1655,99,4
447,383,92,2
448,17,83,2
449,493,33,4
450,1897,21,1
451,1510,74,4
452,117,53,3
453,1579,46,3
454,880,45,3
455,1819,9,3
456,1573,6,4
457,1649,51,3
458,644,35,1
459,1360,82,4
460,336,53,3
461,147,19,4
462,122,69,4
463,81,25,4
464,504,11,2
465,668,74,3
466,1445,17,2
467,1346,36,1
468,1190,90,1
469,1621,95,2
470,1981,96,3
471,1673,21,4
472,459,18,1
473,1213,60,1
474,464,18,1
475,912,1,3
476,1026,14,2
477,72,8,2
478,1451,66,3
479,1194,51,1
480,1849,79,3
481,1091,60,3
482,1012,34,2
483,653,36,3
484,1299,62,3
485,7,1,1
486,905,85,4
487,1968,42,1
488,616,1,2
489,1874,96,4
490,770,84,1
491,1567,54,3
492,1486,47,3
493,1441,100,4
494,766,39,4
495,384,30,3
496,688,7,2
497,1150,22,1
498,47,50,3
499,1973,45,1
500,464,74,1
501,1873,72,1
502,123,91,1
503,1643,10,2
504,841,14,2
505,1586,46,2
506,1804,75,3
507,23,6,3
508,566,21,3
509,1910,62,2
510,965,97,1
511,996,19,2
512,1188,88,3
513,1795,82,4
514,826,99,3
515,216,62,1
516,657,83,2
517,1114,53,4
518,1988,24,4
519,311,56,1
520,557,62,2
521,1557,34,4
522,52,22,3
523,1362,68,1
524,1195,57,4
525,1649,10,1
526,672,66,2
527,778,8,2
528,832,97,2
529,1861,38,3
530,1530,62,4
531,1973,28,2
532,1075,10,3
533,1717,45,2
534,1284,65,2
535,591,98,4
536,1987,67,3
537,1002,9,2
538,1047,5,3
539,1856,10,3
540,501,12,2
541,479,82,2
542,1595,58,1
543,513,21,4
544,601,21,2
545,1441,65,1
546,1124,3,4
547,189,69,2
548,989,89,3
549,1882,64,4
550,388,49,3
551,1806,72,1
552,1081,17,2
553,1755,73,1
554,387,32,2
555,1495,70,2
556,853,21,3
557,452,7,1
558,1759,7,3
559,213,27,3
560,41,8,3
561,1146,73,1
562,600,28,2
563,1958,79,2
564,913,66,1
565,1783,71,2
566,1852,47,1
567,1780,82,1
568,1905,86,2
569,144,10,4
570,333,33,3
571,998,7,1
572,1420,3,1
573,55,14,4
574,1331,44,1
575,1447,46,1
576,1441,61,2
577,1734,36,2
578,1695,13,4
579,80,16,1
580,985,80,3
581,865,5,2
582,1588,89,3
583,472,38,3
584,1577,50,4
585,1503,38,4
586,589,56,1
587,1411,63,4
588,1906,48,2
589,564,90,1
590,467,59,1
591,599,77,3
592,1645,44,3
593,992,90,3
594,1933,55,1
595,1605,55,4
596,67,1,4
597,470,8,4
598,1725,4,1
599,1632,85,1
600,775,86,1
601,1137,53,1
602,1634,58,1
603,1487,37,4
604,132,49,1
605,930,67,4
606,929,19,1
607,1221,1,4
608,1506,29,2
609,634,87,2
610,1063,33,4
611,1185,52,2
612,289,41,2
613,1812,23,4
614,528,5,1
615,917,71,1
616,1709,57,4
617,1407,6,3
618,1242,49,3
619,1111,22,2
620,799,77,3
621,1524,76,2
622,12,4,1
623,833,72,4
624,1242,64,1
625,1673,37,4
626,691,31,3
627,528,37,1
628,1496,45,1
629,893,90,2
630,387,8,4
631,1250,40,3
632,1778,97,1
633,408,93,4
634,1677,5,3
635,898,28,1
636,711,81,4
637,1683,87,2
638,918,9,1
639,417,2,4
640,416,63,3
641,1472,96,3
642,1536,51,2
643,85,31,1
644,167,7,2
645,1096,30,4
646,810,58,3
647,1545,3,2
648,1817,51,1
649,993,56,4
650,1282,73,1
651,275,10,2
652,1774,61,3
653,1757,50,3
654,892,47,2
655,89,90,1
656,708,1,1
657,387,94,1
658,1874,57,1
659,1178,38,3
660,440,62,1
661,977,79,2
662,735,89,2
663,633,70,2
664,993,82,2
665,173,65,1
666,4,62,3
667,1664,56,4
668,544,67,1
669,1496,17,4
670,1061,8,3
671,1055,60,1
672,381,40,4
673,1292,81,3
674,1593,89,4
675,166,62,2
676,1043,41,2
677,1652,12,3
678,1208,93,3
679,545,89,4
680,97,100,3
681,1302,54,2
682,457,89,2
683,1819,93,1
684,273,11,4
685,1032,60,3
686,208,68,3
687,1938,78,3
688,1661,46,4
689,1147,38,2
690,1057,61,3
691,1537,17,3
692,204,66,2
693,1833,72,3
694,443,36,1
695,689,74,2
696,833,7,2
697,1462,100,2
698,1160,16,1
699,387,14,2
700,1266,80,4
701,1349,25,4
702,1719,4,4
703,680,29,2
704,690,56,2
705,1569,6,2
706,1170,1,1
707,893,39,4
708,953,1,3
709,1255,63,3
710,784,57,2
711,1997,67,1
712,1872,65,2
713,495,65,3
714,747,21,4
715,1855,30,3
716,657,96,4
717,1883,33,4
718,1797,48,1
719,268,22,3
720,1763,94,2
721,377,54,1
722,1586,4,4
723,1464,87,3
724,489,55,2
725,722,44,1
726,946,89,2
727,1636,12,3
728,1041,81,2
729,1678,79,1
730,999,74,2
731,1778,99,3
732,957,52,1
733,1590,93,4
734,1162,76,1
735,1869,65,3
736,553,65,2
737,1634,10,4
738,695,18,4
739,317,47,2
740,768,66,3
741,1972,49,1
742,1504,72,3
743,123,22,4
744,1869,86,1
745,1672,26,1
746,1083,90,2
747,1729,9,3
748,1997,21,1
749,1149,95,2
750,1915,63,3
751,254,6,4
752,7,14,4
753,542,33,3
754,89,71,1
755,1939,24,1
756,213,73,4
757,266,75,4
758,1231,87,1
759,1005,51,3
760,622,2,4
761,427,15,1
762,210,35,3
763,888,36,2
764,1444,92,3
765,154,39,1
766,415,4,3
767,1181,64,1
768,1285,74,4
769,769,6,2
770,983,57,4
771,1512,30,4
772,579,99,1
773,1039,74,1
774,542,96,1
775,359,67,1
776,850,90,4
777,427,15,1
778,486,17,1
779,1832,91,4
780,1473,18,2
781,1437,19,2
782,330,76,3
783,1756,88,4
784,1171,69,1
785,259,24,3
786,143,91,2
787,252,48,2
788,627,30,4
789,1389,15,1
790,90,47,1
791,720,44,3
792,481,98,2
793,1101,27,3
794,673,84,3
795,517,64,3
796,1614,41,1
797,782,96,2
798,1162,68,3
799,687,5,2
800,1590,53,2
801,900,8,3
802,1502,22,3
803,223,7,4
804,1077,22,1
805,1101,46,2
806,1742,30,3
807,503,16,3
808,1340,79,2
809,624,5,3
810,1887,67,4
811,1051,23,2
812,1094,61,3
813,1986,74,2
814,1389,5,3
815,1330,23,3
816,1148,79,1
817,19,82,2
818,1281,25,1
819,1046,8,3
820,989,95,2
821,1574,21,2
822,1072,2,4
823,1207,22,4
824,1459,72,3
825,1212,87,3
826,776,96,3
827,1860,72,3
828,1867,68,4
829,1161,64,2
830,1882,94,1
831,1781,19,2
832,602,87,2
833,1595,82,4
834,540,53,2
835,1096,93,2
836,1806,87,3
837,24,97,1
838,624,52,2
839,1836,47,2
840,1080,82,1
841,986,54,3
842,223,44,4
843,179,97,4
844,1961,7,2
845,1474,92,3
846,793,1,4
847,884,63,4
848,1213,98,4
849,1602,39,4
850,810,19,4
851,961,31,2
852,420,77,4
853,1188,24,2
854,1279,69,1
855,1441,87,1
856,1341,83,3
857,1042,65,2
858,1094,33,3
859,1362,59,1
860,592,33,1
861,527,32,1
862,1293,59,1
863,1655,92,4
864,811,41,1
865,188,12,4
866,1593,73,4
867,529,11,3
868,434,97,4
869,1942,19,3
870,1805,54,4
871,303,57,4
872,87,42,1
873,438,98,2
874,1046,71,4
875,833,31,2
876,797,52,2
877,560,2,2
878,762,83,4
879,1699,38,2
880,1125,32,4
881,685,10,1
882,1165,8,4
883,138,90,3
884,578,94,1
885,710,75,2
886,228,20,2
887,828,20,3
888,431,9,1
889,1064,72,3
890,1710,15,2
891,1687,98,4
892,1235,88,2
893,302,97,3
894,1110,63,4
895,1421,91,4
896,533,21,2
897,769,5,4
898,1939,35,1
899,1405,85,2
900,444,68,2
901,260,48,1
902,1539,80,2
903,1332,95,3
904,70,90,3
905,1478,62,2
906,1463,35,1
907,1849,70,4
908,481,97,1
909,1168,21,3
910,1199,80,2
911,1893,39,1
912,1695,34,4
913,1884,15,4
914,1372,6,4
915,798,66,4
916,18,88,1
917,44,56,4
918,155,49,3
919,867,92,4
920,743,1,3
921,1852,65,1
922,1426,28,3
923,225,100,1
924,217,20,4
925,31,48,2
926,1893,72,3
927,1083,65,3
928,1916,90,2
929,898,51,1
930,445,43,1
931,1259,49,4
932,1131,25,3
933,1215,74,1
934,544,76,4
935,1937,41,1
936,738,71,2
937,1703,64,2
938,874,61,2
939,566,12,4
940,5,81,3
941,1886,69,2
942,547,14,2
943,317,34,1
944,1860,48,2
945,25,61,3
946,160,81,4
947,1138,35,2
948,900,65,4
949,1190,59,4
950,703,36,3
951,1,79,1
952,1923,19,1
953,1425,42,4
954,382,69,2
955,1742,19,4
956,1827,39,1
957,1274,69,2
958,1549,52,1
959,1579,12,3
960,898,83,1
961,717,47,2
962,391,76,2
963,1700,36,4
964,233,63,2
965,1927,76,3
966,1320,82,1
967,706,51,4
968,234,43,4
969,1392,34,2
970,1256,97,3
971,1897,49,4
972,890,18,3
973,592,61,3
974,746,57,1
975,1720,93,1
976,428,5,1
977,732,89,3
978,800,24,1
979,202,93,4
980,836,64,4
981,135,59,2
982,1288,38,3
983,41,33,1
984,913,10,4
985,1730,37,3
986,975,97,3
987,1134,87,1
988,1460,11,3
989,627,24,1
990,244,88,1
991,166,71,1
992,1050,21,3
993,1498,20,3
994,728,10,1
995,1116,89,3
996,483,47,1
997,1231,100,2
998,880,47,3
999,830,15,3
1000,1958,44,2
1001,759,62,2
1002,163,6,2
1003,1197,66,1
1004,1308,76,1
1005,1996,4,4
1006,1935,23,2
1007,1557,13,4
1008,307,81,1
1009,1363,31,3
1010,333,16,2
1011,243,41,3
1012,1885,90,1
1013,1433,92,2
1014,303,1,4
1015,235,12,4
1016,195,56,1
1017,1551,50,3
1018,1793,20,1
1019,647,66,3
1020,1242,36,1
1021,561,79,4
1022,1120,38,3
1023,713,22,1
1024,413,61,2
1025,538,50,4
1026,1879,96,4
1027,235,59,2
1028,1780,20,1
1029,1894,36,3
1030,1505,97,4
1031,1863,15,1
1032,1375,62,2
1033,416,3,3
1034,1910,93,1
1035,916,91,1
1036,81,5,4
1037,1091,56,4
1038,1691,31,3
1039,757,86,1
1040,468,35,2
1041,1166,71,2
1042,1495,70,3
1043,1645,26,1
1044,1020,1,4
1045,1615,83,1
1046,902,7,4
1047,673,36,2
1048,439,76,3
1049,127,84,3
1050,445,87,3
1051,966,25,4
1052,464,94,2
1053,913,59,2
1054,497,61,3
1055,1464,29,3
1056,1772,95,4
1057,158,18,4
1058,172,41,1
1059,494,19,4
1060,970,4,1
1061,1335,65,3
1062,1427,41,2
1063,1693,15,4
1064,1794,54,2
1065,659,64,4
1066,666,72,4
1067,367,15,1
1068,550,79,4
1069,643,50,3
1070,1894,22,2
1071,255,18,4
1072,208,80,2
1073,95,2,2
1074,1884,36,2
1075,478,20,4
1076,762,16,1
1077,190,67,2
1078,1508,30,2
1079,1757,55,4
1080,1560,66,4
1081,756,99,3
1082,1447,26,3
1083,836,57,1
1084,1664,69,1
1085,1629,2,1
1086,1836,56,1
1087,133,84,2
1088,55,62,4
1089,510,34,3
1090,670,98,2
1091,1690,56,4
1092,1317,55,4
1093,734,20,2
1094,1694,50,2
1095,259,25,3
1096,1146,84,1
1097,299,25,1
1098,561,53,3
1099,1913,14,3
1100,1865,60,1
1101,297,43,2
1102,1462,62,1
1103,197,76,4
1104,995,69,4
1105,8,63,3
1106,320,2,1
1107,1418,54,1
1108,1699,16,4
1109,1462,55,1
1110,1288,94,3
1111,1119,43,3
1112,553,61,4
1113,661,38,1
1114,716,45,1
1115,1459,51,4
1116,855,42,2
1117,665,24,2
1118,1898,30,1
1119,1675,37,3
1120,273,53,2
1121,1178,63,1
1122,1273,11,2
1123,279,78,4
1124,816,23,2
1125,276,80,2
1126,1005,50,4
1127,923,85,3
1128,642,55,1
1129,505,55,3
1130,772,4,3
1131,1265,97,2
1132,1260,54,1
1133,1014,61,2
1134,128,78,4
1135,1224,83,3
1136,1526,5,3
1137,1674,100,4
1138,492,95,1
1139,1258,18,3
1140,1667,44,3
1141,416,31,1
1142,970,94,2
1143,1385,21,4
1144,308,47,1
1145,61,30,4
1146,1480,55,4
1147,1931,68,3
1148,1514,69,1
1149,473,41,4
1150,959,45,2
1151,533,74,4
1152,494,91,3
1153,82,80,2
1154,879,30,2
1155,1546,77,1
1156,12,100,2
1157,1287,85,1
1158,449,45,1
1159,762,45,2
1160,26,79,1
1161,1807,84,1
1162,1569,84,2
1163,62,45,3
1164,229,55,4
1165,1839,59,1
1166,607,5,1
1167,1059,32,2
1168,1729,6,4
1169,1480,94,4
1170,1526,26,1
1171,761,37,2
1172,595,13,3
1173,1593,93,4
1174,1056,69,3
1175,1855,25,2
1176,1242,13,3
1177,1459,88,2
1178,1862,95,1
1179,1160,20,3
1180,1220,72,1
1181,133,60,1
1182,86,73,2
1183,1500,21,3
1184,1831,61,4
1185,1204,84,3
1186,175,79,4
1187,1976,26,1
1188,578,54,1
1189,1799,42,2
1190,145,11,4
1191,762,37,3
1192,1378,11,2
1193,1826,27,2
1194,929,94,2
1195,794,83,3
1196,1602,34,2
1197,1661,38,3
1198,319,61,2
1199,1111,87,4
1200,1577,53,1
1201,698,65,4
1202,847,3,4
1203,1802,67,2
1204,783,28,4
1205,1117,14,4
1206,1751,52,4
1207,1650,30,2
1208,292,58,3
1209,969,54,1
1210,1488,69,1
1211,1843,15,3
1212,97,38,3
1213,1119,78,4
1214,74,14,1
1215,1360,57,3
1216,1092,59,4
1217,758,8,1
1218,1942,72,2
1219,208,19,2
1220,1245,32,1
1221,1286,95,1
1222,410,29,2
1223,771,41,2
1224,1844,75,1
1225,74,45,4
1226,1661,13,3
1227,254,27,3
1228,820,19,1
1229,986,26,3
1230,332,53,2
1231,1422,51,2
1232,836,37,3
1233,1692,9,1
1234,455,92,2
1235,1930,96,4
1236,1139,52,4
1237,313,54,2
1238,1018,3,2
1239,228,96,3
1240,858,69,1
1241,1269,8,3
1242,1018,14,1
1243,950,3,4
1244,427,24,4
1245,465,13,1
1246,1646,43,3
1247,278,29,2
1248,19,72,1
1249,66,51,3
1250,167,42,4
1251,1609,31,2
1252,403,63,4
1253,409,26,1
1254,597,18,4
1255,1063,82,4
1256,324,57,1
1257,1983,7,2
1258,1438,48,1
1259,429,80,3
1260,1085,60,1
1261,1636,33,1
1262,1378,3,2
1263,393,4,3
1264,1541,100,4
1265,446,4,4
1266,1204,42,4
1267,1024,9,4
1268,342,51,2
1269,133,17,3
1270,1860,17,2
1271,265,97,1
1272,93,20,3
1273,1686,14,3
1274,1435,22,4
1275,1232,52,4
1276,1002,27,4
1277,1661,43,4
1278,1597,3,1
1279,266,88,4
1280,646,94,2
1281,1137,8,3
1282,1402,86,1
1283,454,89,1
1284,1915,10,3
1285,1464,29,3
1286,1211,40,3
1287,831,65,1
1288,1391,21,2
1289,1113,24,2
1290,1970,73,3
1291,872,60,1
1292,635,26,4
1293,1400,9,1
1294,691,20,3
1295,1866,56,1
1296,1058,99,1
1297,1956,36,1
1298,582,36,4
1299,1390,73,3
1300,784,22,3
1301,181,1,3
1302,19,69,2
1303,1250,73,2
1304,1617,37,3
1305,1246,83,1
1306,1639,72,1
1307,54,96,3
1308,1427,13,4
1309,443,84,4
1310,580,100,1
1311,282,43,1
1312,823,37,2
1313,1670,94,4
1314,641,74,1
1315,1032,95,1
1316,252,25,3
1317,563,93,2
1318,341,88,4
1319,472,21,4
1320,1711,41,2
1321,235,73,1
1322,1107,42,4
1323,1117,42,4
1324,1909,2,4
1325,1418,68,3
1326,824,8,2
1327,1292,96,4
1328,632,61,2
1329,529,14,1
1330,1981,77,2
1331,1340,21,3
1332,1297,24,3
1333,1330,50,2
1334,1234,82,3
1335,1982,45,4
1336,1754,64,3
1337,1949,64,1
1338,902,26,2
1339,891,32,2
1340,1571,57,1
1341,1825,53,1
1342,1189,33,1
1343,1549,52,1
1344,202,95,4
1345,741,18,3
1346,1370,35,3
1347,1390,12,4
1348,325,51,1
1349,1472,89,2
1350,1537,95,2
1351,319,10,2
1352,1058,52,1
1353,1895,34,4
1354,724,67,4
1355,1701,39,4
1356,413,8,3
1357,1276,96,3
1358,401,29,3
1359,1840,22,3
1360,724,84,2
1361,1136,70,2
1362,751,61,4
1363,268,43,3
1364,1341,49,4
1365,570,29,1
1366,1974,81,3
1367,546,31,3
1368,365,53,4
1369,547,34,4
1370,271,38,1
1371,739,57,4
1372,1258,4,3
1373,59,2,2
1374,1275,12,1
1375,1871,35,1
1376,86,70,3
1377,763,72,2
1378,390,21,4
1379,1204,61,4
1380,719,35,2
1381,149,48,2
1382,583,15,3
1383,121,71,4
1384,766,15,3
1385,800,6,4
1386,1022,81,4
1387,1470,68,2
1388,1110,22,3
1389,1251,32,2
1390,1650,22,3
1391,1816,27,4
1392,1346,15,1
1393,1342,44,1
1394,1733,86,3
1395,899,92,3
1396,485,9,2
1397,803,34,4
1398,1716,100,1
1399,1916,73,2
1400,1758,15,3
1401,1810,62,4
1402,1444,45,2
1403,1953,84,2
1404,1671,72,3
1405,1849,58,4
1406,520,92,1
1407,1152,19,2
1408,1397,16,3
1409,652,75,2
1410,1951,8,3
1411,211,33,3
1412,586,74,3
1413,167,18,4
1414,1257,35,1
1415,1206,43,4
1416,1739,50,1
1417,1053,3,3
1418,714,91,1
1419,688,59,4
1420,330,28,2
1421,1747,46,4
1422,1208,64,4
1423,785,70,4
1424,941,47,4
1425,1289,14,4
1426,1680,7,1
1427,626,74,1
1428,139,79,2
1429,762,31,4
1430,1834,93,4
1431,1556,81,2
1432,676,51,2
1433,92,29,3
1434,1093,15,2
1435,37,90,2
1436,1788,76,2
1437,1202,25,3
1438,1837,61,1
1439,1895,41,3
1440,137,69,1
1441,1664,4,2
1442,1583,57,3
1443,972,31,3
1444,662,3,1
1445,1811,67,3
1446,415,90,3
1447,343,50,4
1448,146,17,1
1449,323,60,3
1450,1276,74,3
1451,1879,66,2
1452,601,88,4
1453,475,75,4
1454,1516,24,2
1455,575,99,2
1456,347,87,2
1457,1511,32,2
1458,382,87,4
1459,1304,98,3
1460,72,19,3
1461,1118,66,2
1462,1397,60,1
1463,1360,66,2
1464,664,15,3
1465,1516,85,1
1466,1892,35,2
1467,40,69,1
1468,1383,27,2
1469,913,88,4
1470,1278,7,3
1471,966,6,2
1472,1901,33,1
1473,701,58,3
1474,511,49,2
1475,1284,17,2
1476,584,42,2
1477,984,94,2
1478,459,72,4
1479,1906,40,3
1480,816,46,4
1481,247,71,3
1482,730,70,2
1483,417,68,3
1484,1055,1,1
1485,368,79,3
1486,108,95,1
1487,839,89,1
1488,418,97,4
1489,1644,52,3
1490,821,35,2
1491,1422,69,3
1492,683,5,4
1493,256,100,1
1494,838,17,1
1495,553,53,4
1496,181,52,4
1497,157,14,3
1498,1478,29,1
1499,571,8,4
1500,857,98,3
1501,1785,1,3
1502,1728,29,2
1503,1048,36,1
1504,1497,51,3
1505,1424,37,4
1506,592,93,1
1507,421,69,4
1508,348,53,4
1509,166,96,3
1510,937,52,3
1511,348,88,2
1512,398,83,4
1513,583,12,3
1514,1601,52,2
1515,308,1,1
1516,99,7,2
1517,1266,17,2
1518,158,98,4
1519,554,43,1
1520,651,71,4
1521,1069,17,4
1522,1496,59,2
1523,1879,3,2
1524,734,29,3
1525,1951,22,2
1526,92,38,3
1527,1628,54,4
1528,1216,93,2
1529,1101,50,1
1530,1305,69,1
1531,1388,30,4
1532,179,23,4
1533,280,85,2
1534,1043,90,3
1535,1619,47,2
1536,371,21,3
1537,1801,20,2
1538,1704,23,1
1539,304,68,1
1540,1349,21,3
1541,1461,21,2
1542,1194,1,4
1543,669,15,3
1544,500,17,1
1545,1415,51,3
1546,1573,63,2
1547,530,14,4
1548,1885,59,4
1549,1220,83,3
1550,755,50,2
1551,815,34,2
1552,727,6,4
1553,731,49,1
1554,828,6,2
1555,1332,69,4
1556,1997,7,4
1557,875,97,2
1558,1917,77,2
1559,1678,51,3
1560,608,1,1
1561,1478,13,3
1562,635,43,3
1563,1210,27,4
1564,484,71,4
1565,1075,3,1
1566,1915,58,3
1567,589,89,3
1568,1229,97,4
1569,1974,17,4
1570,949,45,2
1571,1484,78,3
1572,1742,58,1
1573,387,56,3
1574,1252,54,4
1575,1791,87,2
1576,1499,88,3
1577,207,29,1
1578,1819,54,4
1579,1781,27,2
1580,793,45,3
1581,1725,87,1
1582,1006,31,4
1583,942,36,1
1584,1166,81,3
1585,1678,61,4
1586,449,37,3
1587,592,67,2
1588,82,36,3
1589,1407,5,2
1590,1481,46,3
1591,1080,79,1
1592,419,52,1
1593,88,49,4
1594,215,6,1
1595,1759,10,1
1596,1521,96,2
1597,1718,23,1
1598,1502,17,2
1599,309,84,2
1600,231,44,2
1601,155,41,3
1602,1199,15,2
1603,115,44,3
1604,1414,58,2
1605,311,86,3
1606,993,50,4
1607,1042,52,4
1608,12,70,3
1609,1428,68,4
1610,1007,63,1
1611,730,58,2
1612,1302,23,3
1613,1377,44,4
1614,263,83,4
1615,541,95,1
1616,77,44,2
1617,24,52,1
1618,1039,67,3
1619,676,28,4
1620,172,67,4
1621,1893,78,4
1622,489,18,1
1623,1486,27,1
1624,757,51,2
1625,155,60,3
1626,257,74,2
1627,1780,49,2
1628,674,15,4
1629,673,83,1
1630,1473,73,3
1631,259,68,2
1632,307,15,3
1633,1119,51,4
1634,246,48,2
1635,1659,72,1
1636,187,1,2
1637,1798,7,4
1638,925,53,2
1639,785,31,4
1640,1596,18,2
1641,1361,12,3
1642,341,48,1
1643,563,30,4
1644,651,97,3
1645,1194,7,4
1646,69,92,2
1647,1584,3,4
1648,1301,63,4
1649,1123,6,1
1650,916,95,3
1651,461,15,2
1652,844,71,1
1653,574,43,4
1654,119,94,1
1655,646,91,4
1656,1479,81,2
1657,1514,18,4
1658,1953,22,1
1659,1032,61,1
1660,969,61,4
1661,1665,53,3
1662,1540,26,1
1663,1512,91,3
1664,1049,40,3
1665,655,88,3
1666,1955,8,3
1667,555,21,1
1668,425,93,1
1669,293,43,3
1670,1209,21,1
1671,431,3,3
1672,317,31,3
1673,398,27,3
1674,1348,27,4
1675,1589,73,2
1676,596,57,1
1677,1944,97,1
1678,916,33,3
1679,1256,90,4
1680,976,92,4
1681,1076,44,1
1682,1245,43,3
1683,1452,31,1
1684,1167,65,3
1685,1968,84,3
1686,363,76,2
1687,234,17,3
1688,1732,15,2
1689,27,34,1
1690,1495,80,1
1691,93,4,4
1692,309,72,2
1693,52,98,1
1694,319,89,2
1695,1993,79,1
1696,181,28,2
1697,1593,73,2
1698,647,2,3
1699,1962,17,1
1700,1284,58,4
1701,1958,74,3
1702,336,9,4
1703,1577,31,2
1704,1526,66,3
1705,990,88,2
1706,1279,62,1
1707,514,19,1
1708,1573,81,4
1709,242,74,1
1710,1734,55,4
1711,668,28,2
1712,594,92,3
1713,256,50,1
1714,1503,65,2
1715,561,3,3
1716,1335,79,2
1717,407,52,4
1718,1861,10,2
1719,1711,21,4
1720,259,37,4
1721,723,15,1
1722,1283,87,4
1723,614,78,4
1724,1695,79,2
1725,1979,74,4
1726,813,9,4
1727,1787,44,2
1728,331,39,3
1729,1217,5,1
1730,1545,25,2
1731,1398,56,4
1732,387,90,2
1733,1519,64,3
1734,1818,72,2
1735,1818,86,2
1736,1815,52,2
1737,1516,89,2
1738,1241,76,4
1739,320,9,2
1740,399,10,3
1741,1915,10,2
1742,105,73,2
1743,696,62,4
1744,330,90,4
1745,660,99,2
1746,821,91,4
1747,1973,60,4
1748,1794,95,2
1749,462,19,4
1750,1608,38,1
1751,1676,6,1
1752,271,15,1
1753,385,93,4
1754,60,47,1
1755,1131,45,3
1756,220,5,1
1757,1465,78,3
1758,1907,53,4
1759,1596,66,1
1760,96,62,3
1761,989,23,4
1762,1113,44,1
1763,1946,52,2
1764,968,46,1
1765,246,19,1
1766,234,88,1
1767,1152,84,2
1768,1261,47,3
1769,803,91,3
1770,1418,52,2
1771,655,24,1
1772,111,17,1
1773,90,89,1
1774,763,46,3
1775,1304,64,3
1776,1357,95,2
1777,1037,28,4
1778,1465,50,2
1779,98,64,3
1780,1144,28,1
1781,293,86,1
1782,1840,56,1
1783,1735,59,1
1784,1025,5,4
1785,652,54,2
1786,1907,44,2
1787,1722,42,3
1788,1068,72,2
1789,1817,92,4
1790,253,57,4
1791,132,47,4
1792,1908,76,1
1793,1911,25,3
1794,1680,44,4
1795,1133,15,2
1796,1059,51,2
1797,1926,53,2
1798,187,34,4
1799,949,77,4
1800,264,8,2
1801,1998,77,4
1802,522,100,2
1803,1565,70,1
1804,783,96,4
1805,535,21,1
1806,210,7,1
1807,1564,90,4
1808,26,79,2
1809,175,56,3
1810,1540,49,1
1811,1335,42,4
1812,322,23,1
1813,1603,52,2
1814,1159,79,4
1815,55,53,3
1816,1567,16,4
1817,1610,96,1
1818,1873,37,4
1819,1509,18,4
1820,333,20,1
1821,1579,46,3
1822,907,2,2
1823,911,87,4
1824,401,94,3
1825,950,63,2
1826,1330,3,1
1827,1911,46,3
1828,101,49,3
1829,551,1,4
1830,1706,22,1
1831,353,93,4
1832,1019,14,1
1833,1180,92,2
1834,1098,85,4
1835,980,45,1
1836,1356,96,1
1837,739,6,3
1838,977,65,4
1839,1372,21,4
1840,1802,4,2
1841,953,3,1
1842,481,30,3
1843,1238,31,1
1844,108,34,1
1845,973,83,1
1846,1627,20,4
1847,704,87,1
1848,875,54,2
1849,1448,25,3
1850,1274,15,3
1851,560,38,1
1852,117,23,3
1853,874,52,1
1854,968,66,4
1855,1569,57,3
1856,44,57,4
1857,509,79,4
1858,1634,52,2
1859,1189,35,2
1860,1316,74,3
1861,849,14,1
1862,1880,91,1
1863,917,14,1
1864,799,99,1
1865,876,33,2
1866,1761,52,1
1867,819,1,1
1868,945,34,4
1869,907,19,1
1870,13,24,1
1871,603,4,2
1872,200,36,3
1873,1792,77,4
1874,448,58,4
1875,1812,32,3
1876,841,9,4
1877,590,80,1
1878,1154,67,1
1879,520,20,3
1880,1037,74,2
1881,725,62,2
1882,988,58,4
1883,803,22,2
1884,527,67,2
1885,1666,75,2
1886,1139,89,2
1887,460,48,2
1888,932,8,2
1889,1987,73,2
1890,325,15,4
1891,579,32,1
1892,1538,53,2
1893,325,67,1
1894,475,4,3
1895,1078,30,1
1896,1482,13,3
1897,1603,21,4
1898,1444,41,1
1899,632,19,3
1900,703,48,1
1901,982,86,4
1902,1328,63,1
1903,1959,20,3
1904,559,64,2
1905,222,37,2
1906,1557,31,2
1907,348,74,4
1908,1183,18,2
1909,889,20,4
1910,922,82,2
1911,1259,11,4
1912,405,86,4
1913,1281,44,1
1914,677,82,2
1915,589,64,1
1916,1621,34,3
1917,1595,87,2
1918,566,65,2
1919,704,55,2
1920,858,74,2
1921,1285,1,1
1922,585,38,1
1923,232,9,4
1924,1246,95,1
1925,52,71,4
1926,538,17,3
1927,541,99,1
1928,1043,52,4
1929,815,18,2
1930,1416,63,3
1931,1653,33,4
1932,419,4,3
1933,864,87,2
1934,186,75,2
1935,261,52,4
1936,1552,9,4
1937,1297,64,2
1938,762,30,4
1939,224,8,2
1940,1280,5,1
1941,180,76,4
1942,1648,63,3
1943,632,1,2
1944,1537,15,1
1945,1964,89,4
1946,615,82,2
1947,562,38,1
1948,622,42,4
1949,1014,46,2
1950,1961,53,2
1951,1058,26,2
1952,592,61,4
1953,583,67,1
1954,1614,54,2
1955,1102,22,1
1956,289,26,1
1957,1569,83,3
1958,1444,60,1
1959,7,39,1
1960,1184,36,1
1961,240,21,1
1962,1987,41,1
1963,1447,48,4
1964,1750,26,3
1965,1904,63,2
1966,1078,77,3
1967,848,36,3
1968,1312,24,2
1969,1240,90,1
1970,1505,21,2
1971,1333,18,1
1972,696,15,2
1973,27,79,4
1974,960,6,3
1975,1527,43,1
1976,1869,31,3
1977,373,28,1
1978,1950,8,2
1979,245,29,2
1980,1841,21,2
1981,1677,81,4
1982,125,88,2
1983,537,58,2
1984,1920,60,4
1985,1636,50,3
1986,1426,100,3
1987,1541,31,1
1988,531,47,3
1989,254,34,1
1990,661,2,1
1991,1802,67,3
1992,1061,94,3
1993,1366,72,4
1994,1037,52,1
1995,1207,7,3
1996,1143,76,3
1997,1555,19,4
1998,1756,90,3
1999,1966,92,2
2000,745,15,2
2001,1630,78,1
2002,967,48,4
2003,763,14,3
2004,794,3,1
2005,744,50,3
2006,1070,93,2
2007,1532,54,3
2008,558,6,3
2009,1995,49,3
2010,526,23,2
2011,840,92,2
2012,3,78,4
2013,1052,78,2
2014,1405,20,1
2015,157,77,3
2016,1938,91,2
2017,1955,60,1
2018,511,99,2
2019,687,45,3
2020,1138,61,1
2021,1413,56,2
2022,1511,2,2
2023,571,45,1
2024,715,40,4
2025,1339,24,1
2026,991,29,1
2027,334,67,1
2028,1645,68,1
2029,362,66,2
2030,1881,84,1
2031,1982,54,1
2032,1978,53,3
2033,376,79,2
2034,742,49,3
2035,390,32,2
2036,1241,61,4
2037,824,42,4
2038,418,1,2
2039,607,63,4
2040,568,35,4
2041,544,51,2
2042,884,71,1
2043,703,45,3
2044,1224,77,2
2045,1623,65,2
2046,1787,14,2
2047,1620,93,3
2048,1458,3,2
2049,1584,24,3
2050,1915,65,3
2051,78,48,4
2052,1309,10,1
2053,648,13,4
2054,553,100,2
2055,998,73,2
2056,282,14,3
2057,1282,100,4
2058,1847,10,3
2059,1384,40,4
2060,1158,23,4
2061,104,99,4
2062,766,55,4
2063,1597,63,4
2064,480,71,1
2065,1964,42,2
2066,1296,99,4
2067,1529,66,4
2068,1190,79,3
2069,939,73,2
2070,762,47,2
2071,654,81,2
2072,1670,52,4
2073,1932,18,3
2074,1127,79,2
2075,1926,18,3
2076,575,24,1
2077,1330,23,1
2078,1278,12,3
2079,1204,23,4
2080,40,21,2
2081,520,64,1
2082,1640,90,1
2083,463,72,3
2084,1252,94,4
2085,1849,34,3
2086,483,2,3
2087,343,69,3
2088,1197,31,3
2089,1463,97,3
2090,1203,68,4
2091,1622,70,3
2092,993,87,4
2093,1190,19,2
2094,1604,72,2
2095,1194,13,2
2096,598,65,2
2097,645,6,1
2098,448,71,4
2099,764,27,2
2100,735,79,1
2101,1643,52,4
2102,601,98,1
2103,981,87,1
2104,1783,48,3
2105,580,88,1
2106,783,79,1
2107,532,99,4
2108,1513,68,1
2109,612,44,3
2110,1730,17,2
2111,1101,95,2
2112,1671,38,4
2113,1416,10,4
2114,1436,54,1
2115,875,91,4
2116,217,6,1
2117,376,6,4
2118,1610,52,2
2119,11,15,2
2120,1614,68,2
2121,818,57,2
2122,1297,56,1
2123,691,7,1
2124,1600,51,1
2125,1533,58,2
2126,1156,64,3
2127,1948,26,2
2128,784,58,2
2129,1973,31,3
2130,1877,66,3
2131,785,92,4
2132,397,13,2
2133,1082,18,3
2134,1504,94,4
2135,1081,75,3
2136,1615,13,3
2137,460,24,4
2138,546,57,2
2139,497,29,4
2140,505,56,2
2141,1093,54,3
2142,1638,5,4
2143,718,35,1
2144,1593,19,3
2145,1409,55,4
2146,269,77,3
2147,1947,69,4
2148,1478,44,2
2149,1542,78,1
2150,865,38,3
2151,110,62,1
2152,650,22,2
2153,1500,73,4
2154,1111,40,1
2155,596,26,4
2156,979,5,2
2157,731,93,3
2158,57,54,2
2159,1784,86,1
2160,1702,49,1
2161,1287,3,1
2162,112,92,4
2163,711,38,3
2164,1202,14,1
2165,948,47,1
2166,26,14,1
2167,758,75,2
2168,1801,73,1
2169,1556,38,2
2170,1842,64,1
2171,1105,44,2
2172,662,70,4
2173,909,65,4
2174,522,25,2
2175,1857,16,3
2176,1760,15,3
2177,790,98,2
2178,1298,81,4
2179,1730,3,2
2180,172,67,3
2181,265,37,2
2182,1987,81,4
2183,1050,55,3
2184,1493,38,3
2185,1886,63,1
2186,476,1,1
2187,1050,71,3
2188,34,90,3
2189,1162,19,2
2190,816,52,4
2191,754,30,3
2192,566,55,4
2193,462,14,3
2194,1655,13,4
2195,81,84,1
2196,1938,90,3
2197,870,27,2
2198,1431,89,4
2199,1070,9,3
2200,599,41,1
2201,1635,48,1
2202,807,12,1
2203,1935,10,1
2204,1077,6,3
2205,704,34,2
2206,487,52,4
2207,706,41,2
2208,1526,83,4
2209,1165,6,2
2210,620,2,3
2211,777,15,3
2212,447,17,4
2213,209,16,3
2214,1499,28,4
2215,1451,85,2
2216,1878,72,3
2217,1292,10,3
2218,1743,10,4
2219,1279,10,4
2220,1401,73,4
2221,1677,28,4
2222,855,24,1
2223,1382,19,4
2224,705,97,1
2225,826,68,2
2226,1005,56,4
2227,377,67,1
2228,973,42,1
2229,118,12,1
2230,444,18,3
2231,755,23,1
2232,640,84,4
2233,1301,6,4
2234,623,53,4
2235,1493,98,1
2236,1898,42,1
2237,1652,66,3
2238,1724,30,2
2239,1920,9,3
2240,919,91,4
2241,1174,42,4
2242,1186,34,4
2243,120,40,3
2244,582,88,4
2245,1948,17,4
2246,1191,29,4
2247,1687,100,1
2248,2000,50,2
2249,401,76,1
2250,1350,95,1
2251,1657,49,2
2252,621,73,2
2253,247,61,3
2254,1117,83,2
2255,624,46,3
2256,1840,46,3
2257,300,17,1
2258,403,66,4
2259,1672,5,1
2260,253,54,1
2261,1758,16,2
2262,1393,81,2
2263,1965,91,3
2264,160,7,3
2265,205,8,3
2266,1162,72,2
2267,1392,87,3
2268,858,96,3
2269,760,82,2
2270,1591,38,4
2271,133,54,1
2272,1724,76,2
2273,430,15,3
2274,1198,92,1
2275,97,50,2
2276,1707,56,1
2277,1178,95,1
2278,1719,9,4
2279,1266,8,3
2280,1328,19,2
2281,1309,51,3
2282,1051,72,4
2283,1384,98,4
2284,581,57,2
2285,533,68,2
2286,1176,31,4
2287,1126,3,2
2288,899,99,1
2289,1470,83,1
2290,1253,43,4
2291,770,29,3
2292,834,10,2
2293,1905,12,2
2294,554,46,1
2295,1092,30,2
2296,1197,94,3
2297,1661,82,2
2298,559,88,2
2299,261,32,1
2300,1841,73,2
2301,1148,47,4
2302,805,88,4
2303,1186,63,3
2304,275,26,3
2305,206,3,3
2306,1724,23,3
2307,867,75,1
2308,93,74,2
2309,1066,50,1
2310,1352,36,3
2311,365,13,2
2312,821,29,4
2313,1508,38,1
2314,1573,77,2
2315,1925,90,4
2316,1086,84,4
2317,1297,5,3
2318,1044,20,4
2319,3,78,4
2320,1754,14,3
2321,911,8,2
2322,307,48,2
2323,136,13,3
2324,1933,24,1
2325,1609,79,3
2326,1439,65,2
2327,873,86,1
2328,1142,34,3
2329,666,51,2
2330,209,3,2
2331,952,90,2
2332,1058,78,4
2333,649,58,4
2334,1342,72,1
2335,627,55,1
2336,525,80,1
2337,1605,42,4
2338,1869,21,1
2339,769,10,2
2340,772,57,2
2341,740,25,1
2342,522,56,1
2343,1401,38,4
2344,248,86,2
2345,1342,61,3
2346,1859,47,3
2347,686,54,4
2348,586,46,4
2349,143,68,4
2350,967,4,2
2351,718,94,1
2352,643,66,1
2353,370,93,4
2354,1110,43,2
2355,787,62,3
2356,1484,100,4
2357,950,85,2
2358,1349,85,4
2359,522,85,2
2360,1953,4,2
2361,355,65,4
2362,947,62,1
2363,1483,90,4
2364,1648,2,1
2365,536,9,1
2366,1315,57,3
2367,950,45,2
2368,621,18,4
2369,428,48,2
2370,1726,42,3
2371,545,41,1
2372,824,75,4
2373,1003,89,2
2374,659,90,3
2375,731,58,1
2376,1833,100,1
2377,409,42,2
2378,84,35,1
2379,707,38,3
2380,1962,67,1
2381,1448,41,4
2382,134,99,4
2383,788,50,2
2384,864,86,3
2385,667,72,1
2386,277,79,1
2387,1776,45,1
2388,882,71,4
2389,1238,19,3
2390,159,17,1
2391,1134,65,2
2392,1852,93,3
2393,279,77,3
2394,111,56,1
2395,542,93,4
2396,1139,41,3
2397,360,42,2
2398,1239,6,3
2399,1757,69,4
2400,955,98,2
2401,976,75,4
2402,913,73,1
2403,1152,40,3
2404,723,41,2
2405,1712,9,4
2406,325,8,1
2407,1530,44,2
2408,1550,58,3
2409,1074,67,3
2410,1946,13,4
2411,1608,19,2
2412,391,98,1
2413,16,96,1
2414,846,49,1
2415,869,80,4
2416,568,100,1
2417,917,82,2
2418,1647,78,4
2419,357,30,3
2420,1657,66,4
2421,36,77,4
2422,1028,91,4
2423,114,59,2
2424,1773,53,3
2425,1198,52,3
2426,1279,81,4
2427,466,31,4
2428,1488,15,4
2429,847,20,2
2430,502,5,2
2431,441,7,1
2432,326,18,3
2433,1766,56,1
2434,67,75,1
2435,304,96,4
2436,972,91,2
2437,484,90,1
2438,929,45,1
2439,1441,28,1
2440,149,50,4
2441,1125,2,4
2442,96,84,2
2443,282,68,1
2444,529,77,1
2445,1643,24,2
2446,580,48,2
2447,1664,45,2
2448,1632,93,3
2449,810,58,2
2450,693,36,4
2451,235,2,3
2452,952,18,2
2453,1855,49,4
2454,1361,8,2
2455,1032,58,2
2456,1467,15,3
2457,1965,17,4
2458,539,23,1
2459,820,66,2
2460,1682,70,3
2461,272,93,4
2462,1029,27,2
2463,1923,37,1
2464,1243,49,4
2465,1142,64,4
2466,593,34,3
2467,1606,18,2
2468,115,64,2
2469,1678,74,4
2470,1446,44,2
2471,207,17,4
2472,112,59,1
2473,1441,13,3
2474,1883,52,2
2475,185,60,2
2476,1765,42,3
2477,901,91,1
2478,221,64,1
2479,1468,66,1
2480,1094,34,1
2481,1072,95,1
2482,601,87,4
2483,1161,71,2
2484,504,64,2
2485,218,33,2
2486,1499,12,4
2487,612,76,3
2488,1153,19,1
2489,57,9,3
2490,1205,74,1
2491,246,17,1
2492,144,50,3
2493,368,39,2
2494,1483,41,4
2495,616,10,3
2496,1882,12,2
2497,1589,79,1
2498,699,95,2
2499,876,15,1
2500,1686,28,1
2501,945,4,2
2502,923,36,1
2503,1747,65,4
2504,25,98,2
2505,1688,47,3
2506,1560,81,1
2507,1084,39,1
2508,434,38,4
2509,1090,44,4
2510,1952,51,3
2511,96,97,1
2512,168,85,3
2513,1903,26,3
2514,1869,36,1
2515,1999,69,3
2516,1134,97,3
2517,1665,1,4
2518,749,53,4
2519,1892,6,3
2520,831,37,1
2521,49,2,4
2522,115,69,3
2523,1179,90,2
2524,1673,41,2
2525,71,51,3
2526,1360,47,2
2527,67,13,4
2528,1517,76,1
2529,1674,69,3
2530,1778,66,4
2531,967,59,1
2532,1790,68,2
2533,613,59,2
2534,1887,91,2
2535,1623,10,2
2536,697,13,4
2537,1238,2,4
2538,249,90,1
2539,638,15,3
2540,950,46,1
2541,1905,57,3
2542,1112,10,2
2543,176,22,2
2544,723,89,2
2545,771,79,2
2546,1948,77,4
2547,703,8,1
2548,927,21,3
2549,138,85,3
2550,1150,22,4
2551,1941,97,2
2552,1892,45,1
2553,1879,91,2
2554,1254,40,4
2555,1484,22,3
2556,1369,30,4
2557,310,62,3
2558,1044,73,1
2559,1671,45,3
2560,1565,35,1
2561,1584,82,2
2562,1501,42,2
2563,770,5,4
2564,16,27,1
2565,606,70,2
2566,1382,62,1
2567,813,32,2
2568,1991,8,2
2569,895,85,3
2570,1568,18,4
2571,414,78,3
2572,25,15,1
2573,247,26,2
2574,316,53,4
2575,571,44,2
2576,725,32,2
2577,1850,28,3
2578,1300,39,1
2579,1954,32,4
2580,389,77,4
2581,444,79,4
2582,971,18,1
2583,1965,70,4
2584,1829,11,1
2585,304,32,4
2586,764,20,2
2587,1974,97,1
2588,816,40,3
2589,878,8,4
2590,703,35,3
2591,944,69,1
2592,303,99,2
2593,1580,78,3
2594,160,21,3
2595,1204,24,2
2596,1192,17,2
2597,1174,18,1
2598,1115,98,4
2599,1144,12,3
2600,1980,16,3
2601,253,4,1
2602,1433,89,4
2603,731,34,1
2604,498,92,3
2605,1429,46,3
2606,548,75,2
2607,961,77,2
2608,132,31,4
2609,1348,25,3
2610,858,74,3
2611,1156,24,2
2612,729,65,1
2613,521,25,1
2614,30,28,3
2615,509,36,3
2616,1261,82,4
2617,1559,6,4
2618,16,66,2
2619,997,67,3
2620,1608,72,1
2621,1840,95,4
2622,252,48,2
2623,1254,83,2
2624,1744,70,1
2625,1089,78,4
2626,1362,67,1
2627,378,48,2
2628,1199,65,3
2629,476,44,1
2630,1290,94,2
2631,329,63,3
2632,1840,46,3
2633,1187,19,4
2634,438,64,4
2635,1391,83,2
2636,1774,73,1
2637,1223,71,3
2638,1524,50,4
2639,1845,63,4
2640,1320,41,1
2641,868,7,4
2642,1812,9,2
2643,984,4,1
2644,1263,89,3
2645,1325,49,2
2646,1019,76,3
2647,1790,6,3
2648,807,82,4
2649,1894,21,2
2650,1410,15,2
2651,1319,67,1
2652,1142,66,2
2653,405,56,1
2654,1787,68,2
2655,594,32,3
2656,12,66,1
2657,1318,29,2
2658,1543,66,1
2659,614,34,4
2660,1987,27,4
2661,869,60,1
2662,812,39,1
2663,1823,44,3
2664,767,82,2
2665,82,36,4
2666,1745,19,4
2667,522,91,2
2668,1328,45,4
2669,994,84,4
2670,1526,21,1
2671,1470,23,4
2672,1514,94,4
2673,781,89,4
2674,1452,95,2
2675,559,27,3
2676,1448,98,1
2677,1754,72,3
2678,860,19,4
2679,1613,41,4
2680,556,26,4
2681,156,28,3
2682,1734,64,2
2683,1381,68,2
2684,825,95,1
2685,1593,80,3
2686,1082,51,2
2687,1204,74,1
2688,493,48,4
2689,669,10,4
2690,75,73,1
2691,371,39,2
2692,587,100,3
2693,329,100,1
2694,590,19,2
2695,1791,64,1
2696,777,19,2
2697,1091,76,4
2698,579,62,1
2699,221,13,3
2700,1188,25,1
2701,1504,100,4
2702,1708,89,4
2703,1746,92,2
2704,188,42,4
2705,1215,39,2
2706,1110,30,4
2707,844,5,2
2708,531,81,3
2709,1071,18,2
2710,963,21,2
2711,1170,86,3
2712,1406,50,2
2713,517,6,2
2714,1889,50,3
2715,1492,80,4
2716,1118,66,1
2717,133,1,2
2718,314,57,4
2719,591,30,1
2720,1544,58,3
2721,1886,52,2
2722,1627,37,2
2723,748,48,3
2724,1498,87,2
2725,801,1,1
2726,1498,19,1
2727,1380,46,3
2728,680,67,2
2729,897,2,4
2730,1547,56,2
2731,1794,17,3
2732,684,92,4
2733,1296,82,1
2734,1686,97,1
2735,1386,79,4
2736,943,22,4
2737,1310,27,3
2738,1034,55,2
2739,1621,32,1
2740,809,60,2
2741,171,83,1
2742,1554,28,2
2743,1596,28,1
2744,1624,74,2
2745,27,84,3
2746,1014,25,1
2747,1092,85,3
2748,408,78,1
2749,1133,86,1
2750,74,26,1
2751,680,75,2
2752,1392,71,1
2753,849,17,3
2754,870,82,2
2755,237,7,2
2756,906,56,1
2757,619,64,4
2758,1033,20,2
2759,1314,38,1
2760,847,75,3
2761,1924,58,4
2762,634,16,2
2763,1018,51,4
2764,8,27,2
2765,1393,51,4
2766,1069,75,4
2767,1781,16,3
2768,1643,87,4
2769,1217,60,3
2770,849,76,1
2771,1381,40,2
2772,62,67,3
2773,1086,2,2
2774,1818,48,3
2775,633,52,2
2776,792,24,3
2777,1301,93,2
2778,1455,98,1
2779,1139,84,2
2780,1712,82,1
2781,525,78,1
2782,659,82,1
2783,899,2,4
2784,787,65,2
2785,1361,20,4
2786,173,34,4
2787,1000,41,2
2788,1811,41,1
2789,64,75,4
2790,1346,91,4
2791,975,23,3
2792,66,38,2
2793,1867,44,4
2794,1623,67,2
2795,458,62,2
2796,1603,12,4
2797,1958,30,2
2798,1741,95,1
2799,1450,87,4
2800,1960,65,4
2801,1955,41,4
2802,280,20,3
2803,1041,6,3
2804,962,75,3
2805,1943,99,3
2806,1218,4,4
2807,375,93,1
2808,1912,10,2
2809,35,51,2
2810,1393,93,4
2811,775,38,1
2812,221,1,2
2813,494,8,1
2814,1712,81,4
2815,280,83,3
2816,746,63,1
2817,1475,33,2
2818,1858,15,2
2819,1542,31,2
2820,1097,21,3
2821,1060,3,1
2822,1923,66,1
2823,1730,35,2
2824,497,41,1
2825,44,59,2
2826,1852,16,1
2827,454,56,3
2828,595,45,3
2829,1357,59,4
2830,507,50,4
2831,794,85,4
2832,21,12,1
2833,1400,92,3
2834,1095,12,3
2835,1428,33,3
2836,1586,84,2
2837,1815,49,1
2838,1421,21,1
2839,337,60,4
2840,1668,52,2
2841,910,54,2
2842,276,39,3
2843,892,49,4
2844,13,64,1
2845,1027,100,2
2846,974,86,3
2847,175,26,1
2848,1409,71,3
2849,1626,7,1
2850,1944,72,3
2851,547,62,1
2852,1219,90,4
2853,1421,88,1
2854,1455,24,1
2855,1434,40,1
2856,3,76,3
2857,1843,47,2
2858,747,8,1
2859,872,54,1
2860,495,9,4
2861,1415,3,1
2862,628,54,4
2863,1076,21,1
2864,142,95,3
2865,1488,48,2
2866,46,47,2
2867,664,88,2
2868,573,68,3
2869,1573,84,4
2870,1554,63,2
2871,1622,16,3
2872,913,74,3
2873,640,90,1
2874,909,93,4
2875,869,5,3
2876,1030,11,4
2877,853,29,2
2878,307,79,2
2879,1817,70,2
2880,395,48,1
2881,749,15,1
2882,330,84,4
2883,1953,34,4
2884,773,60,1
2885,1646,62,3
2886,1733,2,4
2887,378,80,4
2888,1788,19,2
2889,1624,98,4
2890,1000,49,4
2891,1849,78,3
2892,1562,88,4
2893,774,28,3
2894,1084,48,2
2895,1804,96,1
2896,1099,37,2
2897,1599,74,3
2898,748,49,3
2899,1472,48,4
2900,1765,73,4
2901,1554,88,1
2902,1616,100,3
2903,1509,29,3
2904,329,60,2
2905,1411,29,1
2906,126,58,2
2907,767,48,4
2908,1574,23,4
2909,1228,27,2
2910,1196,95,4
2911,1759,7,2
2912,217,49,3
2913,1360,54,3
2914,1322,68,4
2915,832,78,1
2916,182,42,3
2917,334,74,4
2918,511,59,1
2919,383,44,4
2920,1897,98,2
2921,332,26,4
2922,1189,23,2
2923,1266,73,3
2924,900,8,3
2925,642,53,4
2926,1251,14,1
2927,634,71,4
2928,196,7,4
2929,1894,9,3
2930,458,3,3
2931,830,78,4
2932,1225,17,3
2933,887,44,2
2934,393,86,4
2935,1676,46,3
2936,916,90,4
2937,935,58,3
2938,355,28,2
2939,1522,14,2
2940,629,9,4
2941,1171,26,2
2942,327,2,2
2943,1439,75,3
2944,1422,81,4
2945,1127,34,3
2946,1781,19,3
2947,1532,39,1
2948,1915,82,2
2949,1233,13,3
2950,1957,5,3
2951,393,50,3
2952,826,23,2
2953,1913,88,2
2954,50,29,2
2955,1397,72,4
2956,1051,26,3
2957,800,79,2
2958,1793,57,3
2959,1364,1,4
2960,1566,28,1
2961,1,62,4
2962,1020,47,2
2963,1285,78,2
2964,63,98,4
2965,1870,59,3
2966,152,31,2
2967,644,70,2
2968,626,49,4
2969,217,5,3
2970,196,31,4
2971,1015,37,4
2972,1522,79,3
2973,1579,15,3
2974,1081,52,1
2975,1528,69,4
2976,722,92,3
2977,1608,97,2
2978,1760,11,1
2979,1563,43,4
2980,640,70,3
2981,165,23,1
2982,215,40,1
2983,1095,63,2
2984,90,2,1
2985,1796,79,4
2986,1252,87,3
2987,1103,86,1
2988,608,73,1
2989,349,47,4
2990,246,30,2
2991,272,16,2
2992,913,59,3
2993,403,47,4
2994,1466,30,2
2995,1196,9,3
2996,1080,65,3
2997,1615,59,2
2998,1127,64,4
2999,284,8,1
3000,517,52,2
3001,1302,18,1
3002,612,91,1
3003,750,82,4
3004,1293,96,4
3005,1857,58,3
3006,400,49,4
3007,1527,32,3
3008,1958,48,2
3009,320,45,1
3010,1056,54,4
3011,336,100,2
3012,174,100,3
3013,1642,85,4
3014,501,46,1
3015,1857,96,2
3016,1897,31,4
3017,1664,37,4
3018,1719,16,2
3019,1779,46,3
3020,697,46,3
3021,732,78,4
3022,1095,88,3
3023,652,89,3
3024,1095,61,2
3025,46,46,3
3026,1071,51,3
3027,1446,62,2
3028,456,35,4
3029,1663,81,4
3030,966,42,2
3031,659,45,1
3032,869,68,2
3033,1529,75,1
3034,1001,47,3
3035,774,79,4
3036,1127,30,1
3037,1061,24,1
3038,1678,66,3
3039,1544,43,4
3040,397,34,3
3041,107,23,4
3042,954,61,4
3043,1849,95,3
3044,934,37,1
3045,288,13,2
3046,706,97,4
3047,1442,71,4
3048,1485,96,2
3049,215,7,2
3050,1305,42,3
3051,1978,38,4
3052,1483,52,3
3053,1825,44,2
3054,344,64,3
3055,194,13,4
3056,158,88,1
3057,465,28,1
3058,1750,96,4
3059,592,82,3
3060,1055,98,2
3061,884,98,2
3062,63,1,1
3063,1111,43,3
3064,304,42,2
3065,1085,95,2
3066,396,50,4
3067,334,60,3
3068,411,1,3
3069,466,51,2
3070,80,16,3
3071,1101,39,3
3072,1978,15,3
3073,733,33,4
3074,1818,87,2
3075,1564,53,1
3076,1385,98,3
3077,1188,17,2
3078,1199,89,1
3079,1612,6,4
3080,122,31,2
3081,185,69,4
3082,32,40,2
3083,998,30,4
3084,1987,69,2
3085,569,76,4
3086,1396,7,1
3087,1680,13,2
3088,830,4,1
3089,1620,50,3
3090,1080,3,1
3091,791,12,2
3092,994,65,1
3093,78,27,2
3094,108,50,4
3095,1297,77,3
3096,370,17,1
3097,247,72,3
3098,1704,32,1
3099,441,84,2
3100,227,51,1
3101,623,17,3
3102,1025,34,1
3103,1577,35,3
3104,1644,99,3
3105,1185,24,2
3106,161,54,4
3107,871,18,4
3108,1746,50,1
3109,1175,46,3
3110,444,48,2
3111,1791,33,4
3112,1495,87,2
3113,463,89,2
3114,473,27,3
3115,80,1,1
3116,1063,85,3
3117,240,59,4
3118,557,10,4
3119,590,95,2
3120,1361,25,3
3121,1885,84,3
3122,1976,57,2
3123,1304,66,1
3124,1140,15,2
3125,1940,28,2
3126,335,13,4
3127,312,14,3
3128,1077,66,4
3129,34,34,2
3130,1842,99,3
3131,386,25,2
3132,249,54,2
3133,1135,79,1
3134,1434,12,4
3135,1203,9,4
3136,794,31,2
3137,852,78,1
3138,376,93,2
3139,724,53,2
3140,1611,43,2
3141,1914,38,1
3142,202,42,3
3143,1943,72,1
3144,1332,48,2
3145,493,67,3
3146,338,66,2
3147,1969,16,1
3148,1866,83,1
3149,792,94,3
3150,1517,16,1
3151,1091,31,2
3152,942,58,3
3153,59,28,4
3154,1255,4,2
3155,1378,10,4
3156,35,51,3
3157,162,18,3
3158,895,47,2
3159,471,32,1
3160,1447,30,2
3161,348,36,1
3162,694,9,1
3163,935,36,2
3164,913,29,3
3165,147,16,2
3166,1712,92,4
3167,675,21,3
3168,1440,64,1
3169,1518,66,3
3170,1280,59,2
3171,686,99,3
3172,1127,28,1
3173,121,55,1
3174,42,100,3
3175,29,31,4
3176,966,33,1
3177,1916,87,4
3178,325,60,1
3179,920,41,3
3180,818,81,1
3181,1509,46,4
3182,1213,49,4
3183,872,65,3
3184,295,42,4
3185,864,23,4
3186,1038,27,3
3187,595,89,1
3188,1183,32,3
3189,1518,83,1
3190,1353,88,1
3191,614,3,1
3192,1873,60,2
3193,1604,76,1
3194,1584,99,3
3195,1593,79,3
3196,1156,17,3
3197,465,32,2
3198,1480,7,4
3199,1291,83,2
3200,568,71,3
3201,38,69,3
3202,245,58,4
3203,21,40,2
3204,1134,85,3
3205,1630,48,1
3206,394,51,1
3207,1434,57,3
3208,987,71,1
3209,1672,37,4
3210,1911,87,3
3211,290,75,2
3212,1787,74,3
3213,912,85,4
3214,361,55,2
3215,1623,41,4
3216,219,97,1
3217,544,20,1
3218,627,33,1
3219,1356,40,4
3220,832,99,4
3221,1794,34,3
3222,1792,62,2
3223,1244,100,2
3224,595,91,4
3225,581,19,4
3226,1748,43,1
3227,81,69,4
3228,1345,63,1
3229,1603,93,4
3230,346,10,2
3231,1887,13,3
3232,555,93,4
3233,302,5,1
3234,200,58,3
3235,1063,59,1
3236,307,76,1
3237,1657,59,3
3238,1872,77,3
3239,1847,86,3
3240,1765,15,4
3241,276,77,3
3242,1176,1,4
3243,1402,38,2
3244,638,53,2
3245,1776,52,1
3246,930,1,1
3247,1881,11,4
3248,183,58,1
3249,1845,40,2
3250,72,86,4
3251,1677,99,4
3252,1296,60,3
3253,1044,44,4
3254,815,6,1
3255,1527,28,2
3256,310,31,1
3257,132,8,2
3258,1878,5,3
3259,740,54,2
3260,795,17,3
3261,258,38,1
3262,1258,9,3
3263,1852,74,4
3264,975,84,4
3265,1048,78,2
3266,271,14,1
3267,1119,26,1
3268,142,93,2
3269,902,62,4
3270,274,91,3
3271,465,25,2
3272,1232,80,3
3273,1320,36,3
3274,288,98,1
3275,876,80,4
3276,1993,33,3
3277,1121,3,4
3278,1215,87,1
3279,447,11,2
3280,722,58,2
3281,1352,64,1
3282,407,18,1
3283,1726,47,3
3284,694,44,1
3285,495,93,2
3286,948,59,4
3287,23,50,4
3288,1129,69,4
3289,1699,88,4
3290,558,29,1
3291,1617,93,1
3292,941,90,4
3293,1246,67,1
3294,1657,2,3
3295,78,25,1
3296,1346,19,3
3297,807,40,3
3298,1042,2,1
3299,768,83,4
3300,454,65,3
3301,1448,62,1
3302,1500,91,2
3303,1051,54,4
3304,1889,45,2
3305,363,49,3
3306,525,99,2
3307,1218,69,1
3308,1486,38,4
3309,1254,4,3
3310,1856,17,1
3311,722,53,4
3312,1984,85,3
3313,1208,53,3
3314,1449,31,3
3315,1399,22,3
3316,1508,11,2
3317,1004,34,2
3318,926,15,2
3319,856,10,3
3320,84,96,2
3321,1543,53,4
3322,986,48,3
3323,1869,31,4
3324,136,37,4
3325,1207,28,2
3326,1733,31,3
3327,1196,70,2
3328,909,14,2
3329,590,87,2
3330,1952,16,3
3331,956,25,3
3332,1144,39,2
3333,1332,66,4
3334,1554,38,4
3335,1807,41,3
3336,806,98,1
3337,1456,40,2
3338,52,64,2
3339,72,89,1
3340,28,100,3
3341,469,16,4
3342,764,82,3
3343,1425,77,4
3344,820,59,4
3345,1490,91,3
3346,1676,98,2
3347,560,11,2
3348,379,1,2
3349,1919,13,4
3350,1076,30,2
3351,79,69,4
3352,1409,18,2
3353,834,78,3
3354,1032,13,1
3355,450,32,4
3356,1993,71,3
3357,1485,72,4
3358,1743,50,4
3359,1971,71,3
3360,1551,80,2
3361,690,31,4
3362,1991,51,1
3363,1402,27,1
3364,587,60,3
3365,1830,33,1
3366,1986,53,3
3367,627,93,3
3368,1953,72,4
3369,364,33,3
3370,374,41,3
3371,1988,19,2
3372,1385,85,4
3373,1549,41,1
3374,1170,85,2
3375,1941,89,2
3376,368,42,4
3377,65,23,4
3378,754,75,2
3379,1544,33,4
3380,1162,20,4
3381,1877,25,3
3382,1579,90,4
3383,756,52,3
3384,1525,12,2
3385,597,32,2
3386,1835,33,1
3387,1396,74,4
3388,1587,68,2
3389,112,15,3
3390,453,51,2
3391,1872,6,4
3392,1263,91,1
3393,253,69,1
3394,247,69,2
3395,1460,82,1
3396,1943,92,4
3397,1327,35,4
3398,1858,86,1
3399,1101,34,3
3400,62,63,1
3401,1495,68,1
3402,1181,18,2
3403,806,26,3
3404,1876,86,1
3405,541,97,2
3406,626,61,2
3407,1615,78,2
3408,106,95,4
3409,1155,74,2
3410,1709,88,2
3411,1909,85,4
3412,1734,48,4
3413,369,72,2
3414,1275,96,1
3415,946,31,3
3416,293,34,4
3417,584,87,3
3418,765,89,4
3419,1305,7,2
3420,1415,83,4
3421,428,7,2
3422,1512,47,3
3423,107,8,1
3424,659,78,2
3425,1183,1,3
3426,1226,77,3
3427,155,3,4
3428,896,53,2
3429,1522,92,3
3430,1621,38,1
3431,993,51,4
3432,1324,15,4
3433,1386,100,3
3434,1302,67,2
3435,759,64,4
3436,747,68,2
3437,593,5,3
3438,1549,90,3
3439,16,89,2
3440,993,10,1
3441,1069,8,4
3442,1345,12,3
3443,703,64,1
3444,613,59,1
3445,105,67,2
3446,1498,91,2
3447,396,50,2
3448,1665,23,1
3449,851,40,4
3450,1989,97,2
3451,442,78,4
3452,1669,87,2
3453,873,95,1
3454,667,77,4
3455,1052,76,4
3456,628,99,1
3457,1429,18,4
3458,348,21,1
3459,1264,1,1
3460,1018,38,3
3461,570,41,2
3462,1953,42,3
3463,1352,9,1
3464,670,23,1
3465,718,78,4
3466,267,11,1
3467,1439,71,1
3468,1357,31,1
3469,1023,88,2
3470,1448,26,3
3471,565,30,3
3472,1271,34,2
3473,1060,46,2
3474,1425,69,2
3475,28,5,3
3476,220,61,3
3477,406,83,1
3478,1638,38,3
3479,1799,28,4
3480,1760,26,3
3481,1675,61,2
3482,792,23,3
3483,963,46,1
3484,1310,30,3
3485,834,67,2
3486,317,92,4
3487,1321,33,2
3488,1331,3,4
3489,351,69,1
3490,511,83,1
3491,492,42,3
3492,1932,62,1
3493,1618,58,1
3494,1521,57,2
3495,1584,1,2
3496,1576,73,3
3497,1762,60,3
3498,1992,69,3
3499,1269,59,3
3500,1047,46,2
3501,49,34,3
3502,462,97,3
3503,336,25,1
3504,1382,42,3
3505,1146,29,4
3506,359,25,1
3507,193,54,2
3508,1440,73,4
3509,1401,67,3
3510,756,15,1
3511,1685,4,3
3512,828,38,1
3513,890,20,3
3514,653,23,4
3515,1922,37,2
3516,851,62,4
3517,111,8,4
3518,620,37,2
3519,793,45,1
3520,1158,97,1
3521,588,33,2
3522,1310,7,3
3523,1958,22,1
3524,297,5,4
3525,1630,15,2
3526,569,21,4
3527,1188,89,1
3528,832,17,2
3529,610,56,2
3530,16,50,1
3531,1370,7,1
3532,72,50,2
3533,270,60,3
3534,287,83,2
3535,66,7,3
3536,880,40,4
3537,68,45,3
3538,1217,59,3
3539,1403,88,1
3540,974,75,2
3541,508,55,4
3542,1126,64,2
3543,886,65,3
3544,1988,54,3
3545,775,96,3
3546,926,40,2
3547,120,53,3
3548,1939,44,2
3549,488,63,4
3550,441,2,4
3551,462,79,2
3552,612,21,4
3553,1318,88,1
3554,1660,50,3
3555,917,81,3
3556,6,52,3
3557,681,9,1
3558,1644,99,3
3559,99,20,2
3560,526,83,3
3561,1181,18,2
3562,1690,84,4
3563,1139,30,2
3564,396,65,2
3565,770,24,2
3566,1827,88,3
3567,1546,47,1
3568,683,83,1
3569,1557,94,2
3570,15,90,3
3571,1237,44,1
3572,5,29,4
3573,1909,77,4
3574,1426,68,3
3575,1608,17,4
3576,169,97,4
3577,792,5,4
3578,1000,92,1
3579,152,88,4
3580,504,81,2
3581,1574,50,2
3582,504,40,4
3583,843,46,2
3584,351,51,1
3585,1660,11,3
3586,598,12,2
3587,1067,13,4
3588,40,64,3
3589,175,8,3
3590,999,65,4
3591,1485,9,2
3592,1217,92,1
3593,836,2,2
3594,1060,78,2
3595,898,13,1
3596,1564,2,3
3597,1047,68,1
3598,932,76,1
3599,1252,48,4
3600,1226,74,4
3601,1374,3,2
3602,1062,68,4
3603,500,6,1
3604,1723,87,1
3605,1764,5,4
3606,1709,3,4
3607,336,10,4
3608,1177,43,1
3609,779,19,3
3610,1186,14,3
3611,1934,21,4
3612,1467,43,2
3613,1562,28,2
3614,939,21,3
3615,804,36,4
3616,1936,24,1
3617,634,54,2
3618,1254,38,2
3619,1083,17,1
3620,1286,22,1
3621,354,83,4
3622,1160,45,1
3623,1886,74,1
3624,1819,61,1
3625,967,11,3
3626,1170,61,1
3627,1548,38,2
3628,109,66,4
3629,1369,33,4
3630,1758,43,4
3631,994,31,3
3632,1518,35,2
3633,1357,37,1
3634,822,47,2
3635,937,100,4
3636,191,23,1
3637,1997,36,4
3638,933,40,4
3639,142,90,4
3640,1893,89,2
3641,566,81,2
3642,1283,15,4
3643,1463,37,4
3644,1135,4,1
3645,744,22,4
3646,673,81,4
3647,531,22,4
3648,1314,81,4
3649,562,78,2
3650,1534,78,4
3651,302,17,3
3652,185,72,4
3653,510,98,2
3654,1334,90,3
3655,1370,94,3
3656,795,86,4
3657,1524,80,4
3658,761,94,2
3659,435,80,3
3660,1543,38,3
3661,650,24,2
3662,1707,100,4
3663,69,99,1
3664,1630,6,1
3665,1905,68,3
3666,554,82,3
3667,1298,6,4
3668,500,26,1
3669,1530,91,3
3670,1512,41,4
3671,279,75,1
3672,1083,38,2
3673,446,80,3
3674,836,83,2
3675,755,43,1
3676,1846,53,4
3677,1593,15,4
3678,1513,90,1
3679,1431,56,2
3680,1084,56,4
3681,1591,31,3
3682,1909,83,2
3683,1023,57,2
3684,1562,51,3
3685,177,24,1
3686,847,58,4
3687,1249,73,2
3688,1601,87,4
3689,1605,4,4
3690,1976,10,2
3691,236,63,1
3692,710,73,2
3693,794,83,1
3694,1935,15,3
3695,1670,98,1
3696,27,63,1
3697,1227,19,2
3698,85,63,4
3699,1856,56,4
3700,1123,21,1
3701,1214,34,1
3702,12,17,2
3703,1013,18,1
3704,1749,81,2
3705,1877,66,3
3706,1318,51,1
3707,1384,65,3
3708,1679,43,1
3709,180,57,1
3710,797,10,3
3711,1468,37,3
3712,1958,48,2
3713,887,69,2
3714,1190,56,3
3715,1676,76,1
3716,1520,36,2
3717,771,31,1
3718,1279,55,4
3719,959,38,2
3720,917,73,2
3721,1782,90,2
3722,339,15,4
3723,1517,16,3
3724,1396,77,1
3725,915,89,4
3726,1854,94,3
3727,475,53,2
3728,1447,56,3
3729,1380,7,3
3730,1484,57,3
3731,801,55,1
3732,1247,52,3
3733,864,4,3
3734,1172,43,3
3735,739,40,3
3736,1375,30,4
3737,982,10,4
3738,1012,94,3
3739,717,7,3
3740,1808,36,3
3741,1474,35,2
3742,1166,88,3
3743,610,39,3
3744,1813,36,4
3745,1336,20,4
3746,555,49,4
3747,1656,96,1
3748,1756,59,2
3749,46,49,3
3750,1260,90,4
3751,1072,26,1
3752,543,36,3
3753,1452,43,3
3754,1993,99,4
3755,913,43,3
3756,1069,99,3
3757,812,76,3
3758,1489,33,4
3759,1909,100,1
3760,1574,78,3
3761,867,97,1
3762,1767,45,3
3763,580,45,4
3764,1443,88,1
3765,698,15,4
3766,1977,95,2
3767,726,17,3
3768,286,12,2
3769,1892,22,2
3770,570,23,2
3771,1965,90,3
3772,1514,78,4
3773,498,12,2
3774,1918,68,1
3775,705,51,3
3776,1357,13,4
3777,562,57,4
3778,1999,55,2
3779,32,82,3
3780,43,28,2
3781,1917,44,1
3782,1375,19,4
3783,1846,46,4
3784,559,3,3
3785,1437,83,4
3786,943,20,3
3787,1599,25,2
3788,1371,75,1
3789,1929,56,3
3790,1637,81,2
3791,92,61,1
3792,1844,55,4
3793,185,35,1
3794,728,78,1
3795,1052,59,1
3796,1572,39,4
3797,832,57,3
3798,345,83,3
3799,1443,67,1
3800,1220,34,2
3801,167,41,2
3802,264,22,1
3803,1496,27,1
3804,1232,21,2
3805,1287,41,1
3806,1530,31,1
3807,1809,27,3
3808,1878,37,3
3809,1750,66,1
3810,1910,54,1
3811,1336,9,4
3812,1198,83,3
3813,768,42,1
3814,101,36,4
3815,1733,10,4
3816,1920,59,4
3817,1372,40,4
3818,105,54,3
3819,694,39,4
3820,1691,7,3
3821,1311,4,4
3822,1071,15,4
3823,1067,76,2
3824,818,48,3
3825,1537,6,2
3826,890,73,2
3827,1878,35,4
3828,1874,72,3
3829,790,71,1
3830,553,68,4
3831,844,58,3
3832,659,77,2
3833,1019,19,3
3834,1954,62,4
3835,1191,71,3
3836,751,10,2
3837,775,25,3
3838,1381,44,3
3839,692,99,2
3840,719,58,4
3841,234,25,1
3842,1405,93,2
3843,1006,76,2
3844,1370,40,4
3845,1402,76,4
3846,717,70,3
3847,1563,10,2
3848,1712,66,3
3849,1226,25,3
3850,1272,71,4
3851,9,87,4
3852,598,11,3
3853,23,36,2
3854,1991,49,2
3855,1609,48,3
3856,1105,87,1
3857,92,7,1
3858,851,91,4
3859,1983,77,2
3860,1108,51,3
3861,300,17,3
3862,1478,32,2
3863,1305,26,4
3864,1001,22,4
3865,1083,13,1
3866,1366,12,2
3867,776,71,2
3868,1453,1,3
3869,1682,33,2
3870,1752,14,1
3871,1852,64,2
3872,1898,43,3
3873,1730,58,1
3874,1328,41,3
3875,615,81,2
3876,245,68,4
3877,757,39,2
3878,824,1,2
3879,1847,41,3
3880,1436,45,4
3881,1241,88,2
3882,516,98,1
3883,474,98,1
3884,36,88,3
3885,1411,79,3
3886,1793,81,4
3887,1735,13,3
3888,830,71,4
3889,1093,9,2
3890,1186,63,1
3891,1763,99,1
3892,945,23,1
3893,1512,54,3
3894,431,47,3
3895,1091,39,2
3896,859,87,3
3897,230,26,4
3898,178,1,1
3899,1434,14,2
3900,1614,96,4
3901,1764,74,4
3902,1775,65,3
3903,975,69,3
3904,82,67,1
3905,846,49,2
3906,1217,50,4
3907,618,58,3
3908,445,53,3
3909,923,91,2
3910,193,57,2
3911,1663,86,3
3912,289,18,3
3913,1168,16,1
3914,1431,2,2
3915,1835,13,4
3916,1971,45,3
3917,896,80,3
3918,920,72,3
3919,1252,43,3
3920,1553,72,1
3921,1701,54,2
3922,1726,74,3
3923,1898,97,2
3924,1800,31,4
3925,312,76,4
3926,1128,9,4
3927,339,73,4
3928,359,48,2
3929,1173,18,4
3930,768,94,4
3931,202,96,3
3932,1693,87,3
3933,464,11,3
3934,449,62,1
3935,913,84,3
3936,798,19,4
3937,794,100,2
3938,437,90,4
3939,1917,74,2
3940,1774,24,4
3941,531,13,1
3942,565,46,3
3943,1621,53,4
3944,1297,98,3
3945,213,29,1
3946,949,36,1
3947,1128,71,3
3948,192,94,3
3949,1404,17,2
3950,1991,48,3
3951,1105,77,3
3952,705,24,2
3953,549,54,4
3954,1862,95,2
3955,154,91,4
3956,1666,85,4
3957,571,1,4
3958,1785,79,2
3959,805,67,2
3960,799,6,1
3961,611,78,4
3962,1807,55,2
3963,143,38,1
3964,272,33,4
3965,1556,8,2
3966,459,90,2
3967,1739,79,2
3968,1433,78,3
3969,506,20,1
3970,1710,55,2
3971,1097,48,3
3972,84,83,1
3973,59,56,1
3974,1045,97,3
3975,1482,100,1
3976,1353,88,3
3977,1597,10,4
3978,576,52,2
3979,680,50,3
3980,203,34,1
3981,1130,36,1
3982,318,61,4
3983,1206,100,4
3984,1639,16,4
3985,1797,79,4
3986,406,18,4
3987,679,71,2
3988,1271,47,3
3989,1890,86,4
3990,1548,32,4
3991,1644,43,2
3992,1360,83,3
3993,1446,40,4
3994,835,65,3
3995,1669,35,3
3996,1931,69,2
3997,281,50,2
3998,1814,12,4
3999,933,76,1
4000,608,85,2
4001,483,58,3
4002,1247,83,3
4003,1773,63,4
4004,192,73,4
4005,1104,49,4
4006,307,36,3
4007,532,54,2
4008,122,47,1
4009,592,32,2
4010,1476,99,1
4011,59,95,2
4012,1574,53,4
4013,1141,32,3
4014,1811,62,1
4015,1806,37,2
4016,399,96,3
4017,942,38,1
4018,528,30,1
4019,1775,58,3
4020,1422,32,4
4021,1670,66,3
4022,1551,51,4
4023,436,11,2
4024,840,59,2
4025,360,20,3
4026,1153,37,4
4027,864,73,2
4028,1651,49,4
4029,1733,19,4
4030,1246,55,4
4031,916,40,3
4032,1799,7,4
4033,386,5,3
4034,1327,42,2
4035,1806,88,2
4036,1586,48,1
4037,1213,7,1
4038,1550,11,2
4039,389,73,4
4040,704,49,4
4041,1739,30,2
4042,864,41,2
4043,1060,3,1
4044,79,86,4
4045,1299,40,2
4046,1302,51,1
4047,674,84,1
4048,204,32,4
4049,985,48,1
4050,1976,71,1
4051,17,71,3
4052,476,20,2
4053,1017,89,4
4054,210,35,2
4055,499,24,3
4056,429,40,4
4057,1330,77,2
4058,1554,52,1
4059,1232,39,4
4060,1535,68,3
4061,1868,61,1
4062,1877,76,3
4063,899,81,1
4064,1107,65,2
4065,1068,62,2
4066,1507,81,2
4067,1668,2,3
4068,493,6,4
4069,605,75,2
4070,948,43,3
4071,294,82,1
4072,1172,40,2
4073,5,89,1
4074,172,39,2
4075,1587,28,1
4076,531,80,3
4077,1144,63,2
4078,1860,64,3
4079,1761,12,3
4080,189,41,1
4081,158,29,2
4082,1971,23,4
4083,246,85,4
4084,850,80,3
4085,1811,51,1
4086,1095,45,1
4087,1337,90,1
4088,169,22,2
4089,1652,10,2
4090,1510,7,1
4091,1796,73,4
4092,620,89,4
4093,357,15,2
4094,1678,77,1
4095,1212,46,4
4096,1305,90,4
4097,1535,85,2
4098,1490,87,2
4099,1964,61,4
4100,1362,92,1
4101,199,61,4
4102,1788,51,4
4103,1074,38,1
4104,1166,12,2
4105,1807,88,1
4106,1538,77,1
4107,31,66,1
4108,660,54,1
4109,547,39,2
4110,1130,76,4
4111,371,39,3
4112,1124,78,2
4113,1469,30,1
4114,1492,48,4
4115,1152,83,4
4116,93,31,1
4117,1282,25,2
4118,1926,68,1
4119,1244,51,4
4120,1572,13,4
4121,416,100,2
4122,1545,63,3
4123,689,42,1
4124,1666,54,3
4125,1531,67,4
4126,419,80,3
4127,1146,90,1
4128,911,56,1
4129,1355,19,4
4130,1567,46,2
4131,412,15,2
4132,1248,32,4
4133,153,49,1
4134,1236,21,2
4135,92,65,3
4136,331,70,4
4137,1665,27,3
4138,955,23,1
4139,1252,47,2
4140,194,95,1
4141,530,12,3
4142,1267,85,1
4143,1474,66,1
4144,639,5,4
4145,1611,9,4
4146,1598,20,1
4147,698,82,4
4148,3,63,1
4149,1702,86,3
4150,540,72,4
4151,330,98,1
4152,470,73,4
4153,534,71,1
4154,1963,30,4
4155,467,82,2
4156,762,91,1
4157,1006,16,2
4158,891,85,1
4159,1956,5,2
4160,954,29,1
4161,1444,47,4
4162,1673,22,2
4163,832,78,4
4164,844,57,1
4165,1320,83,4
4166,184,35,1
4167,1284,88,4
4168,1691,60,2
4169,1433,70,1
4170,1797,60,4
4171,627,58,1
4172,783,3,1
4173,1508,34,1
4174,1785,45,3
4175,775,50,1
4176,1760,2,4
4177,1864,15,3
4178,1007,37,4
4179,677,15,3
4180,1831,60,1
4181,211,96,2
4182,1337,85,2
4183,1628,64,1
4184,1361,81,3
4185,490,98,4
4186,1427,96,2
4187,191,52,1
4188,843,23,1
4189,335,99,3
4190,1643,37,2
4191,1111,41,1
4192,579,57,2
4193,62,97,4
4194,387,25,1
4195,1170,37,1
4196,619,40,4
4197,1684,85,1
4198,1878,46,3
4199,487,60,4
4200,1278,98,3
4201,541,19,4
4202,1536,91,4
4203,151,9,3
4204,1074,69,4
4205,1239,5,2
4206,991,89,3
4207,372,26,4
4208,1137,19,3
4209,1154,30,4
4210,193,100,4
4211,1081,48,2
4212,198,16,2
4213,1599,71,2
4214,1601,18,4
4215,684,56,2
4216,333,21,3
4217,1244,31,4
4218,1422,1,3
4219,1366,3,2
4220,1822,95,4
4221,1492,25,3
4222,1772,8,1
4223,1665,65,3
4224,1213,62,4
4225,1144,7,1
4226,105,7,2
4227,807,8,2
4228,1065,19,3
4229,889,17,2
4230,321,11,3
4231,1501,49,3
4232,1569,11,3
4233,1797,41,3
4234,1520,62,4
4235,1919,52,4
4236,1866,66,1
4237,1406,68,1
4238,1505,92,2
4239,1960,97,4
4240,5,75,1
4241,1169,67,4
4242,348,40,4
4243,1766,5,2
4244,125,85,2
4245,1814,22,3
4246,498,37,4
4247,1177,11,3
4248,53,44,3
4249,149,86,3
4250,503,53,4
4251,870,77,4
4252,219,61,3
4253,1301,67,4
4254,738,13,3
4255,290,92,1
4256,339,11,4
4257,1694,11,2
4258,1869,85,2
4259,987,85,3
4260,959,7,1
4261,1231,17,4
4262,1289,48,3
4263,1885,14,1
4264,373,63,1
4265,1512,64,4
4266,531,97,2
4267,924,75,2
4268,23,77,1
4269,241,65,2
4270,1005,34,1
4271,1897,9,1
4272,1166,77,1
4273,814,37,2
4274,655,30,3
4275,783,41,2
4276,8,45,3
4277,1715,47,2
4278,575,7,4
4279,912,14,4
4280,518,48,2
4281,1542,6,4
4282,483,34,4
4283,579,80,4
4284,387,100,4
4285,412,46,3
4286,1866,59,1
4287,1394,70,3
4288,1377,8,1
4289,1968,24,1
4290,1360,67,2
4291,906,4,2
4292,1313,96,2
4293,963,1,2
4294,965,34,2
4295,1977,9,3
4296,1037,63,3
4297,664,76,4
4298,825,10,3
4299,1888,10,3
4300,992,50,2
4301,1133,44,4
4302,1740,48,3
4303,1084,87,3
4304,435,6,4
4305,21,88,1
4306,1926,24,2
4307,1473,85,3
4308,1100,95,3
4309,390,58,4
4310,1355,64,3
4311,426,94,2
4312,1726,56,3
4313,1030,98,1
4314,6,82,2
4315,191,12,1
4316,148,35,4
4317,405,71,2
4318,258,89,3
4319,824,6,2
4320,10,65,2
4321,1111,80,2
4322,838,60,1
4323,988,68,4
4324,625,29,2
4325,30,38,3
4326,1079,92,2
4327,546,22,2
4328,1129,8,4
4329,1196,63,3
4330,1523,96,3
4331,617,97,1
4332,149,13,3
4333,1812,27,3
4334,172,18,3
4335,47,18,2
4336,626,77,1
4337,1811,86,3
4338,453,62,3
4339,1419,14,3
4340,754,11,2
4341,1009,86,2
4342,1134,100,1
4343,1226,17,4
4344,168,51,1
4345,86,96,2
4346,1678,14,3
4347,1983,57,3
4348,849,93,1
4349,1487,6,3
4350,442,57,2
4351,271,4,1
4352,1601,11,4
4353,344,74,2
4354,1207,92,2
4355,1258,11,3
4356,1533,99,2
4357,267,79,2
4358,1654,8,4
4359,893,84,3
4360,239,59,2
4361,915,21,3
4362,1439,65,2
4363,1461,93,4
4364,1882,24,3
4365,1416,30,3
4366,367,99,4
4367,1594,97,1
4368,86,84,2
4369,1737,57,2
4370,1658,80,1
4371,1266,73,3
4372,620,95,3
4373,132,17,4
4374,904,59,4
4375,988,31,4
4376,1222,64,1
4377,1764,48,1
4378,1227,23,3
4379,1285,70,4
4380,690,30,3
4381,1048,55,1
4382,687,7,2
4383,786,75,3
4384,340,98,1
4385,412,12,4
4386,1997,60,2
4387,286,52,2
4388,1110,27,2
4389,850,12,4
4390,430,13,2
4391,1605,72,1
4392,31,80,3
4393,603,62,2
4394,440,29,2
4395,985,35,1
4396,1373,60,4
4397,1919,29,2
4398,412,31,1
4399,528,77,1
4400,310,76,4
4401,1812,61,4
4402,1362,2,3
4403,650,33,2
4404,704,72,3
4405,663,62,1
4406,365,59,2
4407,923,40,1
4408,176,49,1
4409,1173,32,1
4410,1202,38,4
4411,936,92,4
4412,382,79,2
4413,1283,87,1
4414,1213,88,1
4415,306,13,2
4416,1402,85,3
4417,602,54,1
4418,712,76,4
4419,1466,13,3
4420,403,39,3
4421,614,23,3
4422,1802,92,3
4423,177,14,3
4424,449,17,3
4425,743,24,2
4426,1565,58,2
4427,1979,63,3
4428,307,34,4
4429,751,51,2
4430,869,86,2
4431,214,10,3
4432,1618,72,4
4433,1664,21,3
4434,1598,37,4
4435,1673,7,4
4436,512,90,1
4437,987,13,2
4438,253,80,3
4439,38,30,2
4440,629,31,2
4441,987,5,4
4442,1726,32,2
4443,1478,16,1
4444,1702,73,3
4445,305,22,2
4446,1739,64,3
4447,245,44,2
4448,1745,40,3
4449,1025,37,3
4450,217,78,3
4451,507,16,2
4452,761,43,1
4453,1054,84,3
4454,1905,63,4
4455,275,15,4
4456,492,44,4
4457,827,90,1
4458,951,9,3
4459,1179,65,1
4460,1101,99,3
4461,1637,44,1
4462,1456,20,3
4463,39,70,4
4464,144,74,3
4465,759,33,1
4466,247,80,3
4467,765,100,2
4468,1315,6,3
4469,207,83,4
4470,5,31,3
4471,1318,66,2
4472,701,18,2
4473,288,28,2
4474,1594,68,1
4475,850,65,2
4476,50,80,1
4477,1231,45,2
4478,1909,58,1
4479,1687,47,2
4480,1741,66,2
4481,1344,52,3
4482,1791,36,2
4483,1961,1,3
4484,1089,39,2
4485,1156,87,2
4486,32,90,3
4487,868,75,3
4488,1267,1,1
4489,1216,75,4
4490,1166,88,3
4491,1684,74,1
4492,601,14,2
4493,120,78,3
4494,1585,71,3
4495,988,23,2
4496,1215,43,2
4497,1966,22,2
4498,1440,60,2
4499,520,100,4
4500,1759,27,3
4501,869,56,2
4502,1832,2,2
4503,1130,39,4
4504,283,51,3
4505,361,19,1
4506,1059,62,3
4507,1935,71,1
4508,959,76,4
4509,1077,67,2
4510,1105,63,4
4511,1640,5,3
4512,1393,72,2
4513,31,78,3
4514,704,61,1
4515,869,100,3
4516,1385,71,4
4517,233,7,4
4518,1058,50,4
4519,1267,46,2
4520,951,96,3
4521,59,72,2
4522,302,76,3
4523,3,74,1
4524,1924,14,3
4525,317,73,3
4526,1889,94,3
4527,1169,69,3
4528,690,65,1
4529,1882,65,2
4530,1954,57,4
4531,18,62,3
4532,1179,20,4
4533,1530,75,4
4534,778,26,4
4535,360,44,4
4536,332,67,3
4537,1942,70,4
4538,528,62,3
4539,1099,45,1
4540,212,11,2
4541,1715,72,2
4542,1054,93,3
4543,1033,74,3
4544,1333,34,2
4545,1334,88,4
4546,1841,46,3
4547,1796,81,4
4548,1728,32,3
4549,591,75,3
4550,1715,98,1
4551,456,88,1
4552,444,5,2
4553,79,63,1
4554,1499,29,1
4555,927,48,2
4556,623,98,4
4557,1480,16,1
4558,234,25,4
4559,1618,72,2
4560,913,29,3
4561,387,52,4
4562,1635,46,2
4563,38,25,4
4564,1185,23,2
4565,1486,34,2
4566,1968,67,3
4567,1473,94,4
4568,241,34,3
4569,1050,32,3
4570,1672,29,4
4571,562,9,4
4572,2000,66,2
4573,806,57,4
4574,1930,39,2
4575,805,7,2
4576,1676,69,2
4577,1678,8,2
4578,46,96,2
4579,1652,18,2
4580,82,82,4
4581,1810,49,4
4582,790,16,1
4583,595,21,4
4584,1,10,3
4585,1497,4,1
4586,766,44,4
4587,671,8,3
4588,1602,55,4
4589,915,19,2
4590,1845,64,1
4591,1996,40,2
4592,95,51,1
4593,493,9,1
4594,150,30,2
4595,1047,56,1
4596,1239,81,1
4597,399,44,4
4598,855,59,3
4599,381,15,2
4600,552,68,4
4601,295,70,4
4602,1144,61,2
4603,456,80,1
4604,1554,90,2
4605,169,23,3
4606,710,77,3
4607,1947,47,2
4608,917,17,4
4609,1722,57,2
4610,1285,54,3
4611,254,91,2
4612,1321,52,1
4613,401,22,2
4614,1947,83,4
4615,363,39,1
4616,1359,99,3
4617,85,13,2
4618,1546,78,4
4619,1825,95,4
4620,308,66,3
4621,262,52,2
4622,1922,14,4
4623,631,73,1
4624,680,74,2
4625,865,63,3
4626,1726,71,1
4627,1852,28,2
4628,727,89,4
4629,1261,46,3
4630,1649,28,3
4631,217,2,2
4632,1270,17,3
4633,448,59,1
4634,319,52,2
4635,1910,4,1
4636,1058,77,3
4637,39,82,3
4638,1603,3,3
4639,830,37,1
4640,856,97,3
4641,1859,24,2
4642,1103,72,4
4643,1501,35,2
4644,1821,2,4
4645,842,33,3
4646,1256,76,2
4647,1940,86,1
4648,270,77,4
4649,735,10,1
4650,884,81,4
4651,1113,62,3
4652,649,43,2
4653,1180,69,4
4654,17,59,2
4655,117,9,4
4656,983,77,4
4657,1847,60,3
4658,1546,63,4
4659,963,52,1
4660,1277,23,4
4661,847,30,4
4662,372,43,4
4663,1607,68,3
4664,156,21,2
4665,465,43,2
4666,783,73,3
4667,804,7,1
4668,220,16,1
4669,1774,23,3
4670,117,58,2
4671,1375,87,1
4672,5,31,3
4673,308,69,2
4674,222,6,1
4675,1197,65,1
4676,797,59,3
4677,1530,28,2
4678,151,18,1
4679,1721,88,3
4680,1557,77,1
4681,112,97,2
4682,683,10,4
4683,1162,7,1
4684,1566,37,2
4685,893,96,1
4686,1331,45,4
4687,161,86,4
4688,1426,16,1
4689,278,88,3
4690,1557,14,1
4691,497,11,2
4692,1396,83,3
4693,1916,87,2
4694,655,34,2
4695,303,60,3
4696,438,13,4
4697,186,39,2
4698,1590,44,1
4699,673,28,4
4700,1274,40,4
4701,1001,16,3
4702,683,50,1
4703,1719,28,1
4704,925,68,4
4705,999,92,2
4706,285,60,2
4707,421,12,1
4708,1495,16,4
4709,528,53,4
4710,31,54,4
4711,162,49,3
4712,1842,36,1
4713,705,62,1
4714,722,84,2
4715,1402,26,2
4716,446,56,1
4717,427,90,1
4718,1551,22,2
4719,1968,73,1
4720,721,69,2
4721,1802,81,1
4722,1965,49,3
4723,1058,98,3
4724,1356,2,4
4725,736,53,1
4726,758,7,2
4727,1796,100,1
4728,1644,77,1
4729,754,20,4
4730,24,94,2
4731,1240,30,1
4732,55,75,2
4733,1305,95,1
4734,970,67,4
4735,434,59,2
4736,208,66,1
4737,133,3,3
4738,1363,56,2
4739,1220,79,4
4740,1286,17,3
4741,1306,52,2
4742,369,7,2
4743,1207,5,2
4744,782,98,2
4745,567,97,1
4746,527,54,1
4747,37,61,2
4748,178,16,4
4749,639,67,1
4750,72,59,2
4751,1173,47,2
4752,1721,48,4
4753,105,64,4
4754,1683,50,4
4755,221,85,3
4756,1850,41,2
4757,863,72,4
4758,299,22,2
4759,42,54,1
4760,771,5,2
4761,1463,17,2
4762,1710,78,3
4763,991,41,1
4764,711,92,1
4765,209,95,3
4766,1272,81,4
4767,1235,35,4
4768,39,40,2
4769,1276,22,3
4770,1827,48,4
4771,762,53,1
4772,1437,93,3
4773,1470,10,4
4774,374,18,1
4775,931,99,3
4776,156,80,2
4777,1566,49,2
4778,1114,71,1
4779,1266,30,4
4780,654,19,4
4781,63,55,3
4782,509,60,1
4783,1688,87,4
4784,1448,72,2
4785,1693,81,1
4786,1389,21,2
4787,1295,26,1
4788,1605,28,3
4789,1140,39,4
4790,704,33,4
4791,516,40,4
4792,1938,83,2
4793,1834,29,4
4794,1265,20,1
4795,30,20,2
4796,326,74,3
4797,16,12,2
4798,111,97,3
4799,107,25,2
4800,283,25,4
4801,269,4,3
4802,1221,4,4
4803,1267,9,2
4804,598,15,3
4805,799,26,1
4806,1283,79,1
4807,1173,90,2
4808,1891,92,3
4809,1634,71,1
4810,426,32,4
4811,1726,76,4
4812,1240,99,2
4813,118,52,4
4814,599,32,4
4815,1185,9,4
4816,664,78,1
4817,1582,13,3
4818,650,56,2
4819,1490,44,3
4820,288,97,3
4821,1700,96,3
4822,412,83,1
4823,1042,30,4
4824,136,16,2
4825,120,12,3
4826,759,74,4
4827,1272,66,1
4828,1025,18,3
4829,381,13,4
4830,1529,93,1
4831,806,24,4
4832,476,12,2
4833,954,60,4
4834,849,60,4
4835,897,93,2
4836,32,86,2
4837,1928,100,4
4838,191,1,2
4839,1771,43,4
4840,1774,55,3
4841,623,40,4
4842,1127,64,1
4843,586,34,2
4844,473,34,3
4845,1788,48,2
4846,114,33,2
4847,1403,68,2
4848,1337,30,1
4849,339,84,1
4850,1197,90,4
4851,79,79,1
4852,464,71,2
4853,1922,71,3
4854,1988,29,3
4855,562,23,3
4856,285,34,2
4857,223,84,1
4858,1290,15,3
4859,1691,97,2
4860,1257,53,2
4861,828,17,3
4862,828,64,3
4863,1961,84,4
4864,1966,61,4
4865,614,57,2
4866,563,77,4
4867,1745,88,4
4868,1806,37,3
4869,1969,7,4
4870,731,8,2
4871,257,87,3
4872,185,78,4
4873,1953,68,4
4874,1714,21,4
4875,246,61,1
4876,866,74,4
4877,601,86,4
4878,962,94,2
4879,1442,94,4
4880,533,80,1
4881,989,75,3
4882,1291,86,4
4883,358,29,4
4884,378,25,2
4885,1049,58,4
4886,393,14,4
4887,1127,78,4
4888,702,66,4
4889,1434,54,3
4890,784,77,2
4891,1829,67,3
4892,983,30,1
4893,1043,18,4
4894,1172,54,1
4895,862,100,3
4896,1877,21,1
4897,1836,53,4
4898,1699,83,1
4899,113,16,3
4900,1686,28,4
4901,1623,4,2
4902,1423,55,3
4903,862,15,4
4904,1933,64,2
4905,508,65,1
4906,1668,16,1
4907,466,20,1
4908,1122,64,4
4909,290,33,1
4910,1763,81,1
4911,1867,69,2
4912,717,69,2
4913,1401,58,2
4914,567,39,4
4915,1474,77,3
4916,994,36,1
4917,1141,94,1
4918,1988,68,4
4919,1994,87,1
4920,1810,21,4
4921,1205,63,4
4922,959,85,4
4923,1717,6,3
4924,1013,24,4
4925,1819,53,3
4926,1311,95,3
4927,475,83,1
4928,618,76,2
4929,641,78,3
4930,162,50,3
4931,1917,12,2
4932,1983,56,3
4933,725,15,2
4934,469,83,1
4935,1810,92,4
4936,21,40,2
4937,260,41,4
4938,1140,69,2
4939,1437,69,4
4940,537,6,1
4941,952,87,3
4942,1980,67,1
4943,1841,33,3
4944,1857,43,4
4945,851,21,4
4946,1972,84,3
4947,1281,65,2
4948,1192,17,1
4949,533,93,2
4950,304,8,4
4951,416,64,1
4952,305,90,1
4953,813,28,2
4954,1985,98,3
4955,713,90,3
4956,1682,13,1
4957,1334,13,3
4958,175,38,4
4959,1090,25,2
4960,1417,62,2
4961,1988,23,2
4962,758,86,1
4963,1773,21,1
4964,171,54,3
4965,1075,63,2
4966,1352,30,4
4967,665,75,4
4968,592,68,2
4969,1169,97,1
4970,1349,76,1
4971,848,73,1
4972,494,32,4
4973,546,75,2
4974,1491,24,4
4975,904,7,2
4976,1541,72,4
4977,884,97,4
4978,905,89,3
4979,620,1,4
4980,953,3,2
4981,320,28,4
4982,876,43,3
4983,1901,97,3
4984,753,46,2
4985,1380,1,3
4986,1038,38,3
4987,71,91,1
4988,1836,35,2
4989,1547,74,3
4990,106,76,3
4991,770,74,3
4992,1263,54,2
4993,1374,98,1
4994,1710,24,4
4995,216,28,1
4996,1117,22,2
4997,260,16,2
4998,934,13,2
4999,575,100,4
5000,1565,100,2
